2026/09/26 14:15:49.382, 0, 180 MHz, 5.81 W, 0 %, 30
2026/09/26 14:15:49.402, 1, 180 MHz, 16.18 W, 0 %, 26
2026/09/26 14:15:49.453, 2, 180 MHz, 6.81 W, 0 %, 27
2026/09/26 14:15:49.501, 3, 330 MHz, 18.68 W, 0 %, 28
2026/09/26 14:15:50.650, 0, 180 MHz, 6.17 W, 0 %, 30
2026/09/26 14:15:50.672, 1, 1275 MHz, 85.42 W, 99 %, 32
2026/09/26 14:15:50.698, 2, 622 MHz, 76.21 W, 91 %, 31
2026/09/26 14:15:50.725, 3, 2212 MHz, 112.40 W, 94 %, 34
2026/09/26 14:15:51.811, 0, 2220 MHz, 262.53 W, 99 %, 38
2026/09/26 14:15:51.833, 1, 2467 MHz, 300.98 W, 99 %, 34
2026/09/26 14:15:51.854, 2, 2197 MHz, 268.55 W, 99 %, 33
2026/09/26 14:15:51.880, 3, 2880 MHz, 356.33 W, 99 %, 37
2026/09/26 14:15:53.018, 0, 2220 MHz, 261.72 W, 99 %, 39
2026/09/26 14:15:53.044, 1, 2475 MHz, 299.97 W, 99 %, 34
2026/09/26 14:15:53.069, 2, 2205 MHz, 267.62 W, 99 %, 34
2026/09/26 14:15:53.095, 3, 2865 MHz, 350.51 W, 99 %, 39
2026/09/26 14:15:54.178, 0, 2220 MHz, 261.83 W, 99 %, 40
2026/09/26 14:15:54.199, 1, 2460 MHz, 300.06 W, 99 %, 35
2026/09/26 14:15:54.216, 2, 2212 MHz, 268.08 W, 99 %, 36
2026/09/26 14:15:54.234, 3, 2857 MHz, 350.21 W, 99 %, 39
2026/09/26 14:15:55.305, 0, 2220 MHz, 262.17 W, 99 %, 41
2026/09/26 14:15:55.327, 1, 2452 MHz, 299.99 W, 99 %, 35
2026/09/26 14:15:55.346, 2, 2212 MHz, 268.77 W, 99 %, 36
2026/09/26 14:15:55.372, 3, 2857 MHz, 350.12 W, 99 %, 40
2026/09/26 14:15:56.452, 0, 2220 MHz, 263.17 W, 99 %, 42
2026/09/26 14:15:56.476, 1, 2437 MHz, 300.02 W, 99 %, 36
2026/09/26 14:15:56.497, 2, 2212 MHz, 269.62 W, 99 %, 37
2026/09/26 14:15:56.516, 3, 2842 MHz, 350.37 W, 99 %, 40
2026/09/26 14:15:57.595, 0, 2220 MHz, 264.03 W, 99 %, 42
2026/09/26 14:15:57.620, 1, 2430 MHz, 299.95 W, 99 %, 36
2026/09/26 14:15:57.641, 2, 2212 MHz, 270.26 W, 99 %, 38
2026/09/26 14:15:57.663, 3, 2835 MHz, 350.31 W, 99 %, 41
2026/09/26 14:15:58.743, 0, 2220 MHz, 264.39 W, 99 %, 43
2026/09/26 14:15:58.766, 1, 2437 MHz, 300.00 W, 99 %, 36
2026/09/26 14:15:58.786, 2, 2212 MHz, 270.70 W, 100 %, 38
2026/09/26 14:15:58.809, 3, 2835 MHz, 349.98 W, 99 %, 41
2026/09/26 14:15:59.886, 0, 2295 MHz, 160.79 W, 0 %, 39
2026/09/26 14:15:59.908, 1, 2880 MHz, 169.43 W, 0 %, 33
2026/09/26 14:15:59.926, 2, 2302 MHz, 149.99 W, 0 %, 35
2026/09/26 14:15:59.942, 3, 3015 MHz, 192.52 W, 0 %, 36
2026/09/26 14:16:01.009, 0, 2295 MHz, 89.09 W, 0 %, 38
2026/09/26 14:16:01.026, 1, 2880 MHz, 112.04 W, 0 %, 32
2026/09/26 14:16:01.041, 2, 2302 MHz, 95.14 W, 0 %, 35
2026/09/26 14:16:01.055, 3, 3015 MHz, 141.77 W, 0 %, 35
2026/09/26 14:16:02.120, 0, 2220 MHz, 138.15 W, 99 %, 43
2026/09/26 14:16:02.143, 1, 2430 MHz, 205.13 W, 99 %, 37
2026/09/26 14:16:02.165, 2, 2212 MHz, 159.94 W, 99 %, 39
2026/09/26 14:16:02.187, 3, 2887 MHz, 352.42 W, 99 %, 41
2026/09/26 14:16:03.266, 0, 2220 MHz, 264.61 W, 99 %, 44
2026/09/26 14:16:03.291, 1, 2445 MHz, 300.01 W, 99 %, 37
2026/09/26 14:16:03.313, 2, 2212 MHz, 270.55 W, 99 %, 40
2026/09/26 14:16:03.335, 3, 2842 MHz, 351.53 W, 99 %, 42
2026/09/26 14:16:04.414, 0, 2227 MHz, 264.67 W, 99 %, 45
2026/09/26 14:16:04.435, 1, 2430 MHz, 300.02 W, 99 %, 37
2026/09/26 14:16:04.454, 2, 2212 MHz, 270.85 W, 99 %, 40
2026/09/26 14:16:04.474, 3, 2835 MHz, 350.06 W, 99 %, 42
2026/09/26 14:16:05.552, 0, 2227 MHz, 265.91 W, 99 %, 46
2026/09/26 14:16:05.571, 1, 2415 MHz, 299.97 W, 99 %, 38
2026/09/26 14:16:05.589, 2, 2212 MHz, 271.68 W, 99 %, 42
2026/09/26 14:16:05.615, 3, 2827 MHz, 350.01 W, 99 %, 43
2026/09/26 14:16:06.699, 0, 2227 MHz, 266.31 W, 99 %, 47
2026/09/26 14:16:06.722, 1, 2430 MHz, 299.98 W, 99 %, 38
2026/09/26 14:16:06.748, 2, 2212 MHz, 272.04 W, 99 %, 42
2026/09/26 14:16:06.772, 3, 2827 MHz, 350.09 W, 99 %, 43
2026/09/26 14:16:07.851, 0, 2227 MHz, 266.63 W, 99 %, 48
2026/09/26 14:16:07.875, 1, 2415 MHz, 300.02 W, 99 %, 39
2026/09/26 14:16:07.896, 2, 2212 MHz, 272.41 W, 99 %, 43
2026/09/26 14:16:07.918, 3, 2820 MHz, 350.24 W, 99 %, 44
2026/09/26 14:16:08.991, 0, 2227 MHz, 266.86 W, 99 %, 48
2026/09/26 14:16:09.017, 1, 2422 MHz, 300.00 W, 99 %, 39
2026/09/26 14:16:09.041, 2, 2212 MHz, 272.48 W, 99 %, 43
2026/09/26 14:16:09.065, 3, 2820 MHz, 349.90 W, 99 %, 44
2026/09/26 14:16:10.148, 0, 2227 MHz, 266.77 W, 99 %, 49
2026/09/26 14:16:10.171, 1, 2415 MHz, 300.03 W, 99 %, 39
2026/09/26 14:16:10.189, 2, 2212 MHz, 272.94 W, 99 %, 44
2026/09/26 14:16:10.214, 3, 2812 MHz, 350.04 W, 99 %, 44
2026/09/26 14:16:11.295, 0, 2227 MHz, 267.32 W, 99 %, 50
2026/09/26 14:16:11.318, 1, 2400 MHz, 300.00 W, 99 %, 40
2026/09/26 14:16:11.337, 2, 2212 MHz, 273.81 W, 99 %, 45
2026/09/26 14:16:11.357, 3, 2797 MHz, 350.22 W, 99 %, 45
2026/09/26 14:16:12.450, 0, 2227 MHz, 269.02 W, 99 %, 50
2026/09/26 14:16:12.473, 1, 2392 MHz, 299.99 W, 99 %, 40
2026/09/26 14:16:12.498, 2, 2212 MHz, 275.09 W, 99 %, 45
2026/09/26 14:16:12.519, 3, 2797 MHz, 350.02 W, 99 %, 45
2026/09/26 14:16:13.602, 0, 2227 MHz, 269.66 W, 99 %, 51
2026/09/26 14:16:13.627, 1, 2400 MHz, 299.99 W, 99 %, 40
2026/09/26 14:16:13.647, 2, 2220 MHz, 275.42 W, 99 %, 46
2026/09/26 14:16:13.666, 3, 2797 MHz, 349.98 W, 99 %, 45
2026/09/26 14:16:14.738, 0, 2227 MHz, 269.46 W, 99 %, 51
2026/09/26 14:16:14.765, 1, 2400 MHz, 300.01 W, 99 %, 40
2026/09/26 14:16:14.793, 2, 2220 MHz, 275.39 W, 99 %, 46
2026/09/26 14:16:14.818, 3, 2797 MHz, 349.89 W, 99 %, 46
2026/09/26 14:16:15.919, 0, 2227 MHz, 270.10 W, 99 %, 52
2026/09/26 14:16:15.946, 1, 2392 MHz, 299.97 W, 99 %, 41
2026/09/26 14:16:15.967, 2, 2220 MHz, 275.51 W, 99 %, 47
2026/09/26 14:16:15.990, 3, 2797 MHz, 350.03 W, 99 %, 46
2026/09/26 14:16:17.068, 0, 2227 MHz, 270.58 W, 99 %, 52
2026/09/26 14:16:17.091, 1, 2385 MHz, 299.99 W, 99 %, 41
2026/09/26 14:16:17.113, 2, 2220 MHz, 276.05 W, 99 %, 47
2026/09/26 14:16:17.133, 3, 2797 MHz, 350.03 W, 99 %, 47
2026/09/26 14:16:18.210, 0, 2227 MHz, 270.87 W, 99 %, 53
2026/09/26 14:16:18.232, 1, 2385 MHz, 300.02 W, 99 %, 41
2026/09/26 14:16:18.251, 2, 2220 MHz, 276.51 W, 99 %, 48
2026/09/26 14:16:18.275, 3, 2790 MHz, 350.10 W, 99 %, 47
2026/09/26 14:16:19.359, 0, 2227 MHz, 271.20 W, 99 %, 54
2026/09/26 14:16:19.382, 1, 2377 MHz, 299.99 W, 99 %, 42
2026/09/26 14:16:19.406, 2, 2220 MHz, 276.83 W, 99 %, 48
2026/09/26 14:16:19.426, 3, 2782 MHz, 349.98 W, 99 %, 47
2026/09/26 14:16:20.509, 0, 2227 MHz, 271.86 W, 99 %, 54
2026/09/26 14:16:20.532, 1, 2377 MHz, 299.98 W, 99 %, 42
2026/09/26 14:16:20.552, 2, 2220 MHz, 277.23 W, 99 %, 49
2026/09/26 14:16:20.572, 3, 2782 MHz, 350.00 W, 99 %, 47
2026/09/26 14:16:21.653, 0, 2227 MHz, 272.14 W, 99 %, 55
2026/09/26 14:16:21.676, 1, 2377 MHz, 299.98 W, 99 %, 42
2026/09/26 14:16:21.694, 2, 2220 MHz, 277.61 W, 99 %, 49
2026/09/26 14:16:21.712, 3, 2782 MHz, 349.97 W, 99 %, 48
2026/09/26 14:16:22.788, 0, 2227 MHz, 272.68 W, 99 %, 55
2026/09/26 14:16:22.814, 1, 2377 MHz, 299.97 W, 99 %, 42
2026/09/26 14:16:22.838, 2, 2220 MHz, 278.05 W, 99 %, 50
2026/09/26 14:16:22.858, 3, 2782 MHz, 349.95 W, 99 %, 48
2026/09/26 14:16:23.935, 0, 2227 MHz, 273.48 W, 99 %, 56
2026/09/26 14:16:23.961, 1, 2362 MHz, 300.00 W, 99 %, 43
2026/09/26 14:16:23.983, 2, 2220 MHz, 278.44 W, 99 %, 50
2026/09/26 14:16:24.004, 3, 2767 MHz, 350.08 W, 99 %, 48
2026/09/26 14:16:25.086, 0, 2227 MHz, 273.99 W, 99 %, 56
2026/09/26 14:16:25.110, 1, 2362 MHz, 300.04 W, 99 %, 43
2026/09/26 14:16:25.131, 2, 2212 MHz, 279.16 W, 99 %, 51
2026/09/26 14:16:25.152, 3, 2775 MHz, 349.91 W, 99 %, 49
2026/09/26 14:16:26.237, 0, 2235 MHz, 274.00 W, 99 %, 57
2026/09/26 14:16:26.262, 1, 2362 MHz, 299.98 W, 99 %, 43
2026/09/26 14:16:26.288, 2, 2212 MHz, 279.56 W, 99 %, 51
2026/09/26 14:16:26.311, 3, 2775 MHz, 350.09 W, 99 %, 49
2026/09/26 14:16:27.389, 0, 2310 MHz, 170.94 W, 0 %, 52
2026/09/26 14:16:27.409, 1, 2872 MHz, 195.45 W, 0 %, 40
2026/09/26 14:16:27.424, 2, 2310 MHz, 159.94 W, 0 %, 48
2026/09/26 14:16:27.438, 3, 3000 MHz, 211.81 W, 0 %, 44
2026/09/26 14:16:28.502, 0, 2302 MHz, 106.80 W, 0 %, 52
2026/09/26 14:16:28.521, 1, 2872 MHz, 128.97 W, 0 %, 39
2026/09/26 14:16:28.535, 2, 2310 MHz, 97.21 W, 0 %, 47
2026/09/26 14:16:28.550, 3, 3015 MHz, 118.90 W, 0 %, 43
2026/09/26 14:16:29.637, 0, 2295 MHz, 70.69 W, 0 %, 51
2026/09/26 14:16:29.672, 1, 2610 MHz, 103.23 W, 86 %, 41
2026/09/26 14:16:29.712, 2, 2272 MHz, 76.88 W, 75 %, 46
2026/09/26 14:16:29.755, 3, 2610 MHz, 122.30 W, 98 %, 42
2026/09/26 14:16:30.843, 0, 2017 MHz, 248.88 W, 100 %, 54
2026/09/26 14:16:30.861, 1, 1875 MHz, 289.90 W, 20 %, 45
2026/09/26 14:16:30.876, 2, 1995 MHz, 254.72 W, 43 %, 52
2026/09/26 14:16:30.892, 3, 2625 MHz, 325.68 W, 13 %, 49
2026/09/26 14:16:31.964, 0, 2227 MHz, 249.77 W, 99 %, 57
2026/09/26 14:16:31.987, 1, 2355 MHz, 305.45 W, 99 %, 44
2026/09/26 14:16:32.008, 2, 2212 MHz, 281.17 W, 99 %, 52
2026/09/26 14:16:32.030, 3, 2775 MHz, 360.46 W, 99 %, 50
2026/09/26 14:16:33.109, 0, 2227 MHz, 274.68 W, 99 %, 58
2026/09/26 14:16:33.133, 1, 2370 MHz, 300.01 W, 99 %, 44
2026/09/26 14:16:33.157, 2, 2220 MHz, 278.76 W, 99 %, 52
2026/09/26 14:16:33.179, 3, 2775 MHz, 349.98 W, 99 %, 50
2026/09/26 14:16:34.260, 0, 2235 MHz, 274.40 W, 99 %, 58
2026/09/26 14:16:34.285, 1, 2362 MHz, 300.00 W, 99 %, 44
2026/09/26 14:16:34.307, 2, 2212 MHz, 279.25 W, 99 %, 53
2026/09/26 14:16:34.329, 3, 2767 MHz, 350.05 W, 99 %, 50
2026/09/26 14:16:35.414, 0, 2227 MHz, 275.70 W, 99 %, 59
2026/09/26 14:16:35.439, 1, 2355 MHz, 300.00 W, 99 %, 45
2026/09/26 14:16:35.457, 2, 2212 MHz, 279.70 W, 99 %, 53
2026/09/26 14:16:35.478, 3, 2760 MHz, 349.98 W, 99 %, 50
2026/09/26 14:16:36.559, 0, 2235 MHz, 276.11 W, 99 %, 60
2026/09/26 14:16:36.582, 1, 2347 MHz, 300.00 W, 99 %, 44
2026/09/26 14:16:36.605, 2, 2212 MHz, 280.92 W, 99 %, 54
2026/09/26 14:16:36.631, 3, 2760 MHz, 350.05 W, 99 %, 51
2026/09/26 14:16:37.715, 0, 2235 MHz, 277.00 W, 99 %, 60
2026/09/26 14:16:37.737, 1, 2332 MHz, 299.97 W, 99 %, 45
2026/09/26 14:16:37.756, 2, 2212 MHz, 281.41 W, 99 %, 54
2026/09/26 14:16:37.780, 3, 2752 MHz, 350.02 W, 99 %, 51
2026/09/26 14:16:38.856, 0, 2310 MHz, 208.54 W, 0 %, 56
2026/09/26 14:16:38.877, 1, 2872 MHz, 229.47 W, 0 %, 42
2026/09/26 14:16:38.895, 2, 2310 MHz, 197.15 W, 0 %, 51
2026/09/26 14:16:38.918, 3, 3000 MHz, 244.50 W, 0 %, 48
2026/09/26 14:16:39.984, 0, 2310 MHz, 98.05 W, 0 %, 55
2026/09/26 14:16:40.005, 1, 2872 MHz, 134.63 W, 0 %, 41
2026/09/26 14:16:40.025, 2, 2310 MHz, 104.84 W, 0 %, 50
2026/09/26 14:16:40.039, 3, 3000 MHz, 149.30 W, 0 %, 45
2026/09/26 14:16:41.103, 0, 1987 MHz, 125.72 W, 100 %, 60
2026/09/26 14:16:41.124, 1, 1860 MHz, 195.15 W, 100 %, 46
2026/09/26 14:16:41.145, 2, 1980 MHz, 152.19 W, 100 %, 54
2026/09/26 14:16:41.173, 3, 2430 MHz, 212.15 W, 100 %, 51
2026/09/26 14:16:42.259, 0, 1995 MHz, 248.67 W, 100 %, 61
2026/09/26 14:16:42.280, 1, 2340 MHz, 293.97 W, 99 %, 45
2026/09/26 14:16:42.300, 2, 2227 MHz, 253.79 W, 99 %, 54
2026/09/26 14:16:42.325, 3, 2790 MHz, 336.23 W, 99 %, 52
2026/09/26 14:16:43.405, 0, 2235 MHz, 277.15 W, 99 %, 61
2026/09/26 14:16:43.430, 1, 2347 MHz, 299.99 W, 99 %, 46
2026/09/26 14:16:43.452, 2, 2227 MHz, 281.42 W, 99 %, 55
2026/09/26 14:16:43.474, 3, 2752 MHz, 350.12 W, 99 %, 51
2026/09/26 14:16:44.555, 0, 2235 MHz, 277.64 W, 99 %, 61
2026/09/26 14:16:44.578, 1, 2325 MHz, 300.01 W, 99 %, 46
2026/09/26 14:16:44.596, 2, 2220 MHz, 282.07 W, 99 %, 55
2026/09/26 14:16:44.617, 3, 2737 MHz, 350.04 W, 99 %, 52
2026/09/26 14:16:45.703, 0, 2235 MHz, 278.05 W, 99 %, 62
2026/09/26 14:16:45.725, 1, 2332 MHz, 299.95 W, 99 %, 46
2026/09/26 14:16:45.744, 2, 2227 MHz, 282.61 W, 99 %, 56
2026/09/26 14:16:45.762, 3, 2745 MHz, 349.99 W, 99 %, 52
2026/09/26 14:16:46.832, 0, 2235 MHz, 278.44 W, 99 %, 63
2026/09/26 14:16:46.856, 1, 2332 MHz, 300.06 W, 99 %, 46
2026/09/26 14:16:46.876, 2, 2227 MHz, 283.19 W, 99 %, 56
2026/09/26 14:16:46.901, 3, 2745 MHz, 350.00 W, 99 %, 52
2026/09/26 14:16:47.992, 0, 2235 MHz, 278.89 W, 99 %, 63
2026/09/26 14:16:48.014, 1, 2332 MHz, 299.98 W, 99 %, 46
2026/09/26 14:16:48.034, 2, 2220 MHz, 282.58 W, 99 %, 56
2026/09/26 14:16:48.059, 3, 2745 MHz, 350.00 W, 99 %, 53
2026/09/26 14:16:49.173, 0, 2235 MHz, 279.16 W, 99 %, 63
2026/09/26 14:16:49.199, 1, 2332 MHz, 300.00 W, 99 %, 47
2026/09/26 14:16:49.221, 2, 2220 MHz, 283.23 W, 99 %, 57
2026/09/26 14:16:49.246, 3, 2737 MHz, 350.03 W, 99 %, 53
2026/09/26 14:16:50.334, 0, 2235 MHz, 280.26 W, 99 %, 64
2026/09/26 14:16:50.357, 1, 2332 MHz, 299.99 W, 99 %, 47
2026/09/26 14:16:50.377, 2, 2220 MHz, 283.57 W, 99 %, 57
2026/09/26 14:16:50.397, 3, 2745 MHz, 349.97 W, 99 %, 53
2026/09/26 14:16:51.468, 0, 2235 MHz, 280.42 W, 99 %, 64
2026/09/26 14:16:51.494, 1, 2332 MHz, 300.01 W, 99 %, 47
2026/09/26 14:16:51.521, 2, 2227 MHz, 284.13 W, 99 %, 58
2026/09/26 14:16:51.563, 3, 2737 MHz, 350.07 W, 99 %, 54
2026/09/26 14:16:52.687, 0, 2242 MHz, 280.85 W, 99 %, 64
2026/09/26 14:16:52.713, 1, 2340 MHz, 299.99 W, 99 %, 47
2026/09/26 14:16:52.739, 2, 2220 MHz, 284.30 W, 99 %, 58
2026/09/26 14:16:52.763, 3, 2745 MHz, 349.95 W, 99 %, 54
2026/09/26 14:16:53.844, 0, 2242 MHz, 281.17 W, 99 %, 65
2026/09/26 14:16:53.865, 1, 2325 MHz, 299.98 W, 99 %, 47
2026/09/26 14:16:53.889, 2, 2220 MHz, 284.21 W, 99 %, 58
2026/09/26 14:16:53.914, 3, 2745 MHz, 349.94 W, 99 %, 54
2026/09/26 14:16:55.006, 0, 2242 MHz, 281.38 W, 99 %, 65
2026/09/26 14:16:55.030, 1, 2340 MHz, 300.00 W, 99 %, 47
2026/09/26 14:16:55.050, 2, 2227 MHz, 284.49 W, 99 %, 59
2026/09/26 14:16:55.074, 3, 2737 MHz, 350.06 W, 99 %, 54
2026/09/26 14:16:56.160, 0, 2242 MHz, 281.68 W, 99 %, 66
2026/09/26 14:16:56.183, 1, 2325 MHz, 299.99 W, 99 %, 48
2026/09/26 14:16:56.203, 2, 2220 MHz, 284.64 W, 99 %, 59
2026/09/26 14:16:56.222, 3, 2730 MHz, 350.01 W, 99 %, 54
2026/09/26 14:16:57.297, 0, 2242 MHz, 282.20 W, 99 %, 66
2026/09/26 14:16:57.324, 1, 2325 MHz, 300.01 W, 99 %, 48
2026/09/26 14:16:57.344, 2, 2220 MHz, 284.81 W, 99 %, 59
2026/09/26 14:16:57.363, 3, 2722 MHz, 349.94 W, 99 %, 55
2026/09/26 14:16:58.434, 0, 2242 MHz, 282.77 W, 99 %, 66
2026/09/26 14:16:58.455, 1, 2325 MHz, 299.99 W, 99 %, 48
2026/09/26 14:16:58.481, 2, 2220 MHz, 284.89 W, 99 %, 59
2026/09/26 14:16:58.499, 3, 2715 MHz, 349.95 W, 99 %, 55
2026/09/26 14:16:59.580, 0, 2242 MHz, 283.14 W, 99 %, 67
2026/09/26 14:16:59.600, 1, 2317 MHz, 300.01 W, 99 %, 48
2026/09/26 14:16:59.617, 2, 2220 MHz, 285.46 W, 99 %, 60
2026/09/26 14:16:59.642, 3, 2715 MHz, 350.05 W, 99 %, 55
2026/09/26 14:17:00.726, 0, 2242 MHz, 283.65 W, 99 %, 67
2026/09/26 14:17:00.747, 1, 2317 MHz, 299.98 W, 99 %, 48
2026/09/26 14:17:00.766, 2, 2227 MHz, 285.78 W, 99 %, 60
2026/09/26 14:17:00.789, 3, 2707 MHz, 349.96 W, 99 %, 55
2026/09/26 14:17:01.869, 0, 2235 MHz, 284.13 W, 99 %, 67
2026/09/26 14:17:01.889, 1, 2302 MHz, 299.98 W, 99 %, 48
2026/09/26 14:17:01.915, 2, 2227 MHz, 286.19 W, 99 %, 60
2026/09/26 14:17:01.938, 3, 2707 MHz, 350.08 W, 99 %, 56
2026/09/26 14:17:03.018, 0, 2242 MHz, 284.01 W, 99 %, 68
2026/09/26 14:17:03.041, 1, 2310 MHz, 300.01 W, 99 %, 48
2026/09/26 14:17:03.067, 2, 2227 MHz, 286.55 W, 99 %, 60
2026/09/26 14:17:03.091, 3, 2707 MHz, 350.02 W, 99 %, 56
2026/09/26 14:17:04.172, 0, 2242 MHz, 284.48 W, 99 %, 68
2026/09/26 14:17:04.193, 1, 2310 MHz, 299.99 W, 99 %, 49
2026/09/26 14:17:04.210, 2, 2227 MHz, 286.66 W, 99 %, 60
2026/09/26 14:17:04.230, 3, 2715 MHz, 349.97 W, 99 %, 56
2026/09/26 14:17:05.318, 0, 2235 MHz, 285.02 W, 99 %, 68
2026/09/26 14:17:05.344, 1, 2302 MHz, 299.99 W, 99 %, 49
2026/09/26 14:17:05.367, 2, 2220 MHz, 286.60 W, 99 %, 61
2026/09/26 14:17:05.389, 3, 2700 MHz, 350.04 W, 99 %, 56
2026/09/26 14:17:06.467, 0, 2302 MHz, 232.46 W, 0 %, 64
2026/09/26 14:17:06.485, 1, 2797 MHz, 233.85 W, 0 %, 46
2026/09/26 14:17:06.499, 2, 2317 MHz, 189.18 W, 0 %, 58
2026/09/26 14:17:06.514, 3, 3000 MHz, 252.46 W, 0 %, 56
2026/09/26 14:17:07.582, 0, 2310 MHz, 104.96 W, 0 %, 63
2026/09/26 14:17:07.603, 1, 2857 MHz, 133.14 W, 0 %, 44
2026/09/26 14:17:07.623, 2, 2317 MHz, 85.60 W, 0 %, 56
2026/09/26 14:17:07.637, 3, 3000 MHz, 148.85 W, 0 %, 50
2026/09/26 14:17:08.706, 0, 2287 MHz, 82.49 W, 0 %, 62
2026/09/26 14:17:08.730, 1, 2797 MHz, 112.43 W, 0 %, 44
2026/09/26 14:17:08.746, 2, 2310 MHz, 79.56 W, 0 %, 56
2026/09/26 14:17:08.761, 3, 3000 MHz, 118.51 W, 0 %, 49
2026/09/26 14:17:09.822, 0, 2272 MHz, 80.85 W, 0 %, 62
2026/09/26 14:17:09.840, 1, 2610 MHz, 89.16 W, 0 %, 43
2026/09/26 14:17:09.854, 2, 2272 MHz, 79.39 W, 0 %, 55
2026/09/26 14:17:09.869, 3, 2610 MHz, 99.79 W, 0 %, 49
2026/09/26 14:17:10.935, 0, 2272 MHz, 78.42 W, 0 %, 61
2026/09/26 14:17:10.956, 1, 2610 MHz, 89.07 W, 0 %, 43
2026/09/26 14:17:10.971, 2, 2272 MHz, 79.16 W, 0 %, 54
2026/09/26 14:17:10.986, 3, 2610 MHz, 99.48 W, 0 %, 49
2026/09/26 14:17:12.048, 0, 2272 MHz, 78.18 W, 0 %, 61
2026/09/26 14:17:12.066, 1, 2610 MHz, 88.51 W, 0 %, 43
2026/09/26 14:17:12.080, 2, 2272 MHz, 78.86 W, 0 %, 54
2026/09/26 14:17:12.094, 3, 2610 MHz, 99.38 W, 0 %, 48
2026/09/26 14:17:13.156, 0, 2272 MHz, 77.44 W, 0 %, 61
2026/09/26 14:17:13.176, 1, 2610 MHz, 88.49 W, 0 %, 43
2026/09/26 14:17:13.192, 2, 2272 MHz, 78.78 W, 0 %, 53
2026/09/26 14:17:13.206, 3, 2610 MHz, 99.25 W, 0 %, 48
2026/09/26 14:17:14.268, 0, 2272 MHz, 76.74 W, 0 %, 60
2026/09/26 14:17:14.287, 1, 2610 MHz, 88.60 W, 0 %, 42
2026/09/26 14:17:14.307, 2, 2272 MHz, 78.56 W, 0 %, 53
2026/09/26 14:17:14.322, 3, 2610 MHz, 98.98 W, 0 %, 48
2026/09/26 14:17:15.383, 0, 2272 MHz, 75.67 W, 0 %, 60
2026/09/26 14:17:15.401, 1, 2610 MHz, 88.61 W, 0 %, 42
2026/09/26 14:17:15.415, 2, 2272 MHz, 78.27 W, 0 %, 53
2026/09/26 14:17:15.430, 3, 2610 MHz, 98.91 W, 0 %, 48
2026/09/26 14:17:16.490, 0, 2272 MHz, 74.82 W, 0 %, 59
2026/09/26 14:17:16.511, 1, 2610 MHz, 88.46 W, 0 %, 42
2026/09/26 14:17:16.529, 2, 2272 MHz, 78.27 W, 0 %, 52
2026/09/26 14:17:16.544, 3, 2610 MHz, 98.61 W, 0 %, 48
2026/09/26 14:17:17.612, 0, 2272 MHz, 74.34 W, 0 %, 59
2026/09/26 14:17:17.634, 1, 2610 MHz, 88.15 W, 0 %, 42
2026/09/26 14:17:17.649, 2, 2272 MHz, 78.12 W, 0 %, 52
2026/09/26 14:17:17.662, 3, 2610 MHz, 98.64 W, 0 %, 47
2026/09/26 14:17:18.725, 0, 2272 MHz, 74.10 W, 0 %, 59
2026/09/26 14:17:18.747, 1, 2610 MHz, 88.26 W, 0 %, 42
2026/09/26 14:17:18.767, 2, 2272 MHz, 78.12 W, 0 %, 52
2026/09/26 14:17:18.782, 3, 2610 MHz, 98.68 W, 0 %, 47
2026/09/26 14:17:19.843, 0, 2272 MHz, 73.14 W, 0 %, 59
2026/09/26 14:17:19.862, 1, 2610 MHz, 88.26 W, 0 %, 42
2026/09/26 14:17:19.877, 2, 2272 MHz, 78.05 W, 0 %, 52
2026/09/26 14:17:19.892, 3, 2610 MHz, 98.55 W, 0 %, 47
2026/09/26 14:17:20.956, 0, 2272 MHz, 73.25 W, 0 %, 59
2026/09/26 14:17:20.975, 1, 2610 MHz, 88.52 W, 0 %, 42
2026/09/26 14:17:20.991, 2, 2272 MHz, 77.71 W, 0 %, 51
2026/09/26 14:17:21.007, 3, 2610 MHz, 98.21 W, 0 %, 47
2026/09/26 14:17:22.070, 0, 2272 MHz, 72.81 W, 0 %, 58
2026/09/26 14:17:22.091, 1, 2610 MHz, 88.27 W, 0 %, 42
2026/09/26 14:17:22.112, 2, 2272 MHz, 77.67 W, 0 %, 51
2026/09/26 14:17:22.128, 3, 2610 MHz, 98.27 W, 0 %, 47
2026/09/26 14:17:23.208, 0, 2272 MHz, 72.50 W, 0 %, 58
2026/09/26 14:17:23.226, 1, 2377 MHz, 86.53 W, 0 %, 42
2026/09/26 14:17:23.248, 2, 2272 MHz, 77.50 W, 0 %, 51
2026/09/26 14:17:23.268, 3, 502 MHz, 84.13 W, 0 %, 46
2026/09/26 14:17:24.364, 0, 382 MHz, 52.62 W, 0 %, 57
2026/09/26 14:17:24.389, 1, 360 MHz, 72.15 W, 0 %, 41
2026/09/26 14:17:24.413, 2, 330 MHz, 34.12 W, 0 %, 50
2026/09/26 14:17:24.457, 3, 330 MHz, 74.63 W, 0 %, 46
2026/09/26 14:17:25.565, 0, 232 MHz, 25.40 W, 0 %, 56
2026/09/26 14:17:25.586, 1, 225 MHz, 57.64 W, 0 %, 40
2026/09/26 14:17:25.604, 2, 195 MHz, 27.91 W, 0 %, 49
2026/09/26 14:17:25.626, 3, 330 MHz, 50.25 W, 0 %, 45
2026/09/26 14:17:26.699, 0, 180 MHz, 17.83 W, 0 %, 56
2026/09/26 14:17:26.722, 1, 180 MHz, 51.40 W, 0 %, 40
2026/09/26 14:17:26.742, 2, 180 MHz, 17.81 W, 0 %, 49
2026/09/26 14:17:26.764, 3, 330 MHz, 40.41 W, 0 %, 45
2026/09/26 14:17:27.863, 0, 180 MHz, 13.31 W, 0 %, 56
2026/09/26 14:17:27.885, 1, 180 MHz, 22.84 W, 0 %, 40
2026/09/26 14:17:27.905, 2, 180 MHz, 13.08 W, 0 %, 48
2026/09/26 14:17:27.927, 3, 330 MHz, 29.04 W, 0 %, 45
2026/09/26 14:17:29.007, 0, 180 MHz, 13.32 W, 0 %, 55
2026/09/26 14:17:29.033, 1, 180 MHz, 17.27 W, 0 %, 40
2026/09/26 14:17:29.062, 2, 180 MHz, 12.73 W, 0 %, 48
2026/09/26 14:17:29.087, 3, 330 MHz, 27.26 W, 0 %, 44
2026/09/26 14:17:30.185, 0, 180 MHz, 12.89 W, 0 %, 55
2026/09/26 14:17:30.211, 1, 180 MHz, 25.36 W, 97 %, 39
2026/09/26 14:17:30.242, 2, 277 MHz, 13.69 W, 66 %, 47
2026/09/26 14:17:30.287, 3, 330 MHz, 55.33 W, 99 %, 44
2026/09/26 14:17:31.394, 0, 2032 MHz, 263.04 W, 100 %, 62
2026/09/26 14:17:31.420, 1, 1867 MHz, 302.24 W, 99 %, 47
2026/09/26 14:17:31.443, 2, 2002 MHz, 261.03 W, 99 %, 53
2026/09/26 14:17:31.466, 3, 2445 MHz, 355.87 W, 99 %, 55
2026/09/26 14:17:32.541, 0, 2055 MHz, 267.46 W, 100 %, 63
2026/09/26 14:17:32.565, 1, 1897 MHz, 299.75 W, 100 %, 47
2026/09/26 14:17:32.585, 2, 2025 MHz, 266.53 W, 100 %, 56
2026/09/26 14:17:32.610, 3, 2415 MHz, 350.10 W, 100 %, 55
2026/09/26 14:17:33.687, 0, 2047 MHz, 268.53 W, 100 %, 64
2026/09/26 14:17:33.712, 1, 1905 MHz, 300.32 W, 99 %, 48
2026/09/26 14:17:33.733, 2, 2025 MHz, 266.72 W, 99 %, 56
2026/09/26 14:17:33.752, 3, 2437 MHz, 350.20 W, 99 %, 56
2026/09/26 14:17:34.839, 0, 2242 MHz, 245.70 W, 99 %, 64
2026/09/26 14:17:34.859, 1, 2340 MHz, 285.24 W, 99 %, 47
2026/09/26 14:17:34.883, 2, 2227 MHz, 247.68 W, 99 %, 55
2026/09/26 14:17:34.906, 3, 2745 MHz, 328.41 W, 99 %, 55
2026/09/26 14:17:35.989, 0, 2242 MHz, 280.98 W, 99 %, 65
2026/09/26 14:17:36.011, 1, 2332 MHz, 300.03 W, 99 %, 47
2026/09/26 14:17:36.031, 2, 2227 MHz, 282.57 W, 99 %, 56
2026/09/26 14:17:36.052, 3, 2722 MHz, 350.06 W, 99 %, 55
2026/09/26 14:17:37.140, 0, 2242 MHz, 281.47 W, 99 %, 65
2026/09/26 14:17:37.165, 1, 2332 MHz, 299.96 W, 99 %, 47
2026/09/26 14:17:37.190, 2, 2227 MHz, 282.96 W, 99 %, 56
2026/09/26 14:17:37.215, 3, 2715 MHz, 350.04 W, 99 %, 55
2026/09/26 14:17:38.295, 0, 2242 MHz, 282.57 W, 99 %, 66
2026/09/26 14:17:38.318, 1, 2317 MHz, 299.96 W, 99 %, 48
2026/09/26 14:17:38.342, 2, 2220 MHz, 284.11 W, 99 %, 57
2026/09/26 14:17:38.367, 3, 2707 MHz, 350.08 W, 99 %, 55
2026/09/26 14:17:39.447, 0, 2242 MHz, 283.24 W, 99 %, 66
2026/09/26 14:17:39.474, 1, 2310 MHz, 300.02 W, 99 %, 48
2026/09/26 14:17:39.497, 2, 2220 MHz, 284.33 W, 99 %, 57
2026/09/26 14:17:39.519, 3, 2707 MHz, 349.96 W, 99 %, 55
2026/09/26 14:17:40.597, 0, 2242 MHz, 283.27 W, 99 %, 67
2026/09/26 14:17:40.619, 1, 2325 MHz, 299.97 W, 92 %, 48
2026/09/26 14:17:40.637, 2, 2227 MHz, 283.96 W, 99 %, 58
2026/09/26 14:17:40.659, 3, 2715 MHz, 349.90 W, 99 %, 56
2026/09/26 14:17:41.724, 0, 2310 MHz, 143.56 W, 0 %, 62
2026/09/26 14:17:41.742, 1, 2872 MHz, 132.51 W, 0 %, 44
2026/09/26 14:17:41.756, 2, 2310 MHz, 102.31 W, 0 %, 53
2026/09/26 14:17:41.770, 3, 3000 MHz, 147.73 W, 0 %, 50
2026/09/26 14:17:42.834, 0, 2235 MHz, 104.58 W, 100 %, 65
2026/09/26 14:17:42.855, 1, 2692 MHz, 146.23 W, 100 %, 43
2026/09/26 14:17:42.874, 2, 2257 MHz, 100.11 W, 100 %, 53
2026/09/26 14:17:42.891, 3, 2715 MHz, 168.09 W, 100 %, 50
2026/09/26 14:17:43.970, 0, 2055 MHz, 270.19 W, 100 %, 66
2026/09/26 14:17:43.996, 1, 1867 MHz, 304.04 W, 100 %, 49
2026/09/26 14:17:44.021, 2, 2017 MHz, 266.45 W, 100 %, 58
2026/09/26 14:17:44.045, 3, 2422 MHz, 351.81 W, 100 %, 57
2026/09/26 14:17:45.122, 0, 2047 MHz, 269.01 W, 100 %, 67
2026/09/26 14:17:45.145, 1, 1875 MHz, 300.09 W, 100 %, 50
2026/09/26 14:17:45.163, 2, 2017 MHz, 266.75 W, 100 %, 58
2026/09/26 14:17:45.184, 3, 2415 MHz, 349.70 W, 100 %, 58
2026/09/26 14:17:46.271, 0, 2032 MHz, 269.60 W, 100 %, 68
2026/09/26 14:17:46.297, 1, 2542 MHz, 274.80 W, 0 %, 46
2026/09/26 14:17:46.323, 2, 2175 MHz, 238.87 W, 78 %, 58
2026/09/26 14:17:46.349, 3, 2910 MHz, 318.50 W, 73 %, 58
2026/09/26 14:17:47.432, 0, 2242 MHz, 282.97 W, 99 %, 68
2026/09/26 14:17:47.460, 1, 2287 MHz, 303.76 W, 99 %, 49
2026/09/26 14:17:47.489, 2, 2220 MHz, 282.89 W, 99 %, 58
2026/09/26 14:17:47.514, 3, 2700 MHz, 357.26 W, 99 %, 57
2026/09/26 14:17:48.596, 0, 2242 MHz, 284.71 W, 99 %, 68
2026/09/26 14:17:48.616, 1, 2310 MHz, 299.99 W, 99 %, 49
2026/09/26 14:17:48.634, 2, 2227 MHz, 284.28 W, 99 %, 59
2026/09/26 14:17:48.655, 3, 2700 MHz, 350.00 W, 99 %, 57
2026/09/26 14:17:49.737, 0, 2242 MHz, 285.20 W, 99 %, 68
2026/09/26 14:17:49.762, 1, 2302 MHz, 300.00 W, 99 %, 49
2026/09/26 14:17:49.786, 2, 2227 MHz, 284.88 W, 99 %, 59
2026/09/26 14:17:49.809, 3, 2700 MHz, 350.06 W, 99 %, 57
2026/09/26 14:17:50.889, 0, 2242 MHz, 285.96 W, 99 %, 69
2026/09/26 14:17:50.911, 1, 2287 MHz, 300.01 W, 99 %, 49
2026/09/26 14:17:50.930, 2, 2227 MHz, 285.45 W, 99 %, 60
2026/09/26 14:17:50.948, 3, 2692 MHz, 349.99 W, 99 %, 57
2026/09/26 14:17:52.073, 0, 2242 MHz, 286.03 W, 99 %, 69
2026/09/26 14:17:52.124, 1, 2302 MHz, 299.95 W, 99 %, 49
2026/09/26 14:17:52.154, 2, 2227 MHz, 285.95 W, 99 %, 60
2026/09/26 14:17:52.180, 3, 2685 MHz, 349.99 W, 99 %, 57
2026/09/26 14:17:53.269, 0, 2242 MHz, 286.51 W, 99 %, 70
2026/09/26 14:17:53.291, 1, 2287 MHz, 300.02 W, 99 %, 49
2026/09/26 14:17:53.310, 2, 2227 MHz, 286.57 W, 99 %, 60
2026/09/26 14:17:53.329, 3, 2685 MHz, 350.00 W, 99 %, 58
2026/09/26 14:17:54.404, 0, 2242 MHz, 287.58 W, 99 %, 70
2026/09/26 14:17:54.430, 1, 2280 MHz, 299.98 W, 99 %, 49
2026/09/26 14:17:54.453, 2, 2227 MHz, 286.84 W, 99 %, 61
2026/09/26 14:17:54.476, 3, 2677 MHz, 350.03 W, 99 %, 58
2026/09/26 14:17:55.560, 0, 2242 MHz, 287.98 W, 99 %, 70
2026/09/26 14:17:55.584, 1, 2272 MHz, 299.98 W, 99 %, 50
2026/09/26 14:17:55.604, 2, 2227 MHz, 287.13 W, 99 %, 61
2026/09/26 14:17:55.623, 3, 2670 MHz, 350.10 W, 99 %, 58
2026/09/26 14:17:56.694, 0, 2235 MHz, 288.50 W, 99 %, 71
2026/09/26 14:17:56.715, 1, 2287 MHz, 299.99 W, 99 %, 50
2026/09/26 14:17:56.733, 2, 2227 MHz, 287.45 W, 99 %, 61
2026/09/26 14:17:56.753, 3, 2670 MHz, 350.04 W, 99 %, 58
2026/09/26 14:17:57.832, 0, 2242 MHz, 288.39 W, 99 %, 71
2026/09/26 14:17:57.856, 1, 2287 MHz, 300.00 W, 99 %, 50
2026/09/26 14:17:57.879, 2, 2227 MHz, 286.98 W, 99 %, 61
2026/09/26 14:17:57.901, 3, 2685 MHz, 349.90 W, 99 %, 58
2026/09/26 14:17:58.981, 0, 2235 MHz, 289.48 W, 99 %, 71
2026/09/26 14:17:59.003, 1, 2280 MHz, 300.00 W, 99 %, 50
2026/09/26 14:17:59.021, 2, 2227 MHz, 287.99 W, 99 %, 61
2026/09/26 14:17:59.045, 3, 2670 MHz, 350.09 W, 99 %, 59
2026/09/26 14:18:00.131, 0, 2235 MHz, 289.04 W, 99 %, 72
2026/09/26 14:18:00.151, 1, 2287 MHz, 300.01 W, 99 %, 50
2026/09/26 14:18:00.169, 2, 2227 MHz, 287.60 W, 99 %, 62
2026/09/26 14:18:00.187, 3, 2670 MHz, 349.96 W, 99 %, 59
2026/09/26 14:18:01.257, 0, 2242 MHz, 289.31 W, 99 %, 72
2026/09/26 14:18:01.281, 1, 2295 MHz, 299.98 W, 99 %, 50
2026/09/26 14:18:01.307, 2, 2227 MHz, 287.61 W, 99 %, 62
2026/09/26 14:18:01.328, 3, 2662 MHz, 350.04 W, 99 %, 59
2026/09/26 14:18:02.399, 0, 2235 MHz, 290.23 W, 99 %, 72
2026/09/26 14:18:02.423, 1, 2287 MHz, 300.00 W, 99 %, 50
2026/09/26 14:18:02.443, 2, 2227 MHz, 287.91 W, 99 %, 62
2026/09/26 14:18:02.467, 3, 2662 MHz, 349.98 W, 99 %, 59
2026/09/26 14:18:03.546, 0, 2235 MHz, 290.33 W, 99 %, 72
2026/09/26 14:18:03.569, 1, 2280 MHz, 300.00 W, 99 %, 50
2026/09/26 14:18:03.595, 2, 2227 MHz, 288.30 W, 99 %, 63
2026/09/26 14:18:03.619, 3, 2662 MHz, 350.00 W, 99 %, 60
2026/09/26 14:18:04.698, 0, 2235 MHz, 290.65 W, 99 %, 73
2026/09/26 14:18:04.722, 1, 2280 MHz, 299.98 W, 99 %, 51
2026/09/26 14:18:04.741, 2, 2227 MHz, 288.30 W, 99 %, 63
2026/09/26 14:18:04.760, 3, 2662 MHz, 350.00 W, 99 %, 60
2026/09/26 14:18:05.847, 0, 2235 MHz, 291.45 W, 99 %, 73
2026/09/26 14:18:05.872, 1, 2272 MHz, 300.01 W, 99 %, 51
2026/09/26 14:18:05.894, 2, 2227 MHz, 288.58 W, 99 %, 63
2026/09/26 14:18:05.918, 3, 2655 MHz, 350.01 W, 99 %, 60
2026/09/26 14:18:06.996, 0, 2242 MHz, 291.05 W, 99 %, 73
2026/09/26 14:18:07.023, 1, 2280 MHz, 300.02 W, 99 %, 51
2026/09/26 14:18:07.048, 2, 2227 MHz, 288.46 W, 99 %, 63
2026/09/26 14:18:07.071, 3, 2655 MHz, 350.06 W, 99 %, 60
2026/09/26 14:18:08.156, 0, 2242 MHz, 291.38 W, 99 %, 73
2026/09/26 14:18:08.180, 1, 2280 MHz, 300.00 W, 99 %, 51
2026/09/26 14:18:08.198, 2, 2227 MHz, 288.90 W, 99 %, 63
2026/09/26 14:18:08.216, 3, 2655 MHz, 349.94 W, 99 %, 60
2026/09/26 14:18:09.286, 0, 2235 MHz, 291.01 W, 99 %, 74
2026/09/26 14:18:09.307, 1, 2280 MHz, 300.01 W, 99 %, 51
2026/09/26 14:18:09.332, 2, 2227 MHz, 288.76 W, 99 %, 63
2026/09/26 14:18:09.357, 3, 2655 MHz, 349.99 W, 99 %, 61
2026/09/26 14:18:10.442, 0, 2317 MHz, 175.49 W, 0 %, 69
2026/09/26 14:18:10.463, 1, 2857 MHz, 187.07 W, 0 %, 47
2026/09/26 14:18:10.478, 2, 2325 MHz, 164.62 W, 0 %, 59
2026/09/26 14:18:10.496, 3, 2992 MHz, 197.88 W, 0 %, 56
2026/09/26 14:18:11.592, 0, 2317 MHz, 112.26 W, 0 %, 68
2026/09/26 14:18:11.616, 1, 2857 MHz, 120.76 W, 0 %, 47
2026/09/26 14:18:11.637, 2, 2325 MHz, 89.61 W, 0 %, 59
2026/09/26 14:18:11.655, 3, 2992 MHz, 157.38 W, 0 %, 55
2026/09/26 14:18:12.718, 0, 2302 MHz, 88.11 W, 0 %, 68
2026/09/26 14:18:12.740, 1, 2610 MHz, 101.32 W, 0 %, 46
2026/09/26 14:18:12.758, 2, 2272 MHz, 79.86 W, 0 %, 58
2026/09/26 14:18:12.774, 3, 2610 MHz, 111.39 W, 0 %, 53
2026/09/26 14:18:13.836, 0, 2272 MHz, 84.63 W, 0 %, 66
2026/09/26 14:18:13.858, 1, 2610 MHz, 91.04 W, 0 %, 46
2026/09/26 14:18:13.876, 2, 2272 MHz, 79.64 W, 0 %, 57
2026/09/26 14:18:13.895, 3, 2610 MHz, 101.51 W, 0 %, 53
2026/09/26 14:18:14.964, 0, 2272 MHz, 83.68 W, 0 %, 66
2026/09/26 14:18:14.981, 1, 2610 MHz, 90.93 W, 0 %, 45
2026/09/26 14:18:14.996, 2, 2272 MHz, 79.51 W, 0 %, 57
2026/09/26 14:18:15.010, 3, 2610 MHz, 101.17 W, 0 %, 53
2026/09/26 14:18:16.072, 0, 2272 MHz, 83.66 W, 0 %, 66
2026/09/26 14:18:16.092, 1, 2610 MHz, 90.79 W, 0 %, 45
2026/09/26 14:18:16.112, 2, 2272 MHz, 79.46 W, 0 %, 56
2026/09/26 14:18:16.128, 3, 2610 MHz, 101.40 W, 0 %, 52
2026/09/26 14:18:17.195, 0, 2272 MHz, 83.28 W, 0 %, 65
2026/09/26 14:18:17.216, 1, 2610 MHz, 90.76 W, 0 %, 45
2026/09/26 14:18:17.234, 2, 2272 MHz, 79.33 W, 0 %, 56
2026/09/26 14:18:17.250, 3, 2610 MHz, 101.26 W, 0 %, 52
2026/09/26 14:18:18.311, 0, 2272 MHz, 82.23 W, 0 %, 65
2026/09/26 14:18:18.332, 1, 2610 MHz, 90.12 W, 0 %, 44
2026/09/26 14:18:18.347, 2, 2272 MHz, 79.20 W, 0 %, 55
2026/09/26 14:18:18.362, 3, 2610 MHz, 101.08 W, 0 %, 52
2026/09/26 14:18:19.423, 0, 2272 MHz, 80.89 W, 0 %, 64
2026/09/26 14:18:19.442, 1, 2610 MHz, 89.97 W, 0 %, 44
2026/09/26 14:18:19.459, 2, 2272 MHz, 79.08 W, 0 %, 55
2026/09/26 14:18:19.486, 3, 2610 MHz, 100.97 W, 0 %, 52
2026/09/26 14:18:20.560, 0, 2272 MHz, 80.86 W, 0 %, 64
2026/09/26 14:18:20.582, 1, 2610 MHz, 90.09 W, 0 %, 44
2026/09/26 14:18:20.606, 2, 2272 MHz, 79.07 W, 0 %, 55
2026/09/26 14:18:20.624, 3, 2610 MHz, 100.85 W, 0 %, 52
2026/09/26 14:18:21.686, 0, 2272 MHz, 79.58 W, 0 %, 64
2026/09/26 14:18:21.708, 1, 2610 MHz, 89.65 W, 0 %, 44
2026/09/26 14:18:21.724, 2, 2272 MHz, 78.73 W, 0 %, 54
2026/09/26 14:18:21.739, 3, 2610 MHz, 100.27 W, 0 %, 51
2026/09/26 14:18:22.800, 0, 2272 MHz, 79.41 W, 0 %, 64
2026/09/26 14:18:22.821, 1, 2610 MHz, 89.49 W, 0 %, 44
2026/09/26 14:18:22.840, 2, 2272 MHz, 78.69 W, 0 %, 54
2026/09/26 14:18:22.857, 3, 2610 MHz, 100.19 W, 0 %, 51
2026/09/26 14:18:23.920, 0, 2272 MHz, 78.75 W, 0 %, 63
2026/09/26 14:18:23.940, 1, 2610 MHz, 89.48 W, 0 %, 44
2026/09/26 14:18:23.956, 2, 2272 MHz, 78.66 W, 0 %, 54
2026/09/26 14:18:23.972, 3, 2610 MHz, 100.14 W, 0 %, 51
2026/09/26 14:18:25.034, 0, 2272 MHz, 78.44 W, 0 %, 63
2026/09/26 14:18:25.055, 1, 2610 MHz, 89.53 W, 0 %, 44
2026/09/26 14:18:25.076, 2, 2272 MHz, 78.46 W, 0 %, 53
2026/09/26 14:18:25.091, 3, 2610 MHz, 99.94 W, 0 %, 51
2026/09/26 14:18:26.154, 0, 2272 MHz, 78.11 W, 0 %, 63
2026/09/26 14:18:26.175, 1, 2610 MHz, 89.40 W, 0 %, 43
2026/09/26 14:18:26.193, 2, 2272 MHz, 78.31 W, 0 %, 53
2026/09/26 14:18:26.208, 3, 2610 MHz, 99.89 W, 0 %, 51
2026/09/26 14:18:27.284, 0, 427 MHz, 65.16 W, 0 %, 61
2026/09/26 14:18:27.308, 1, 2610 MHz, 89.45 W, 0 %, 43
2026/09/26 14:18:27.333, 2, 2272 MHz, 78.31 W, 0 %, 53
2026/09/26 14:18:27.351, 3, 2100 MHz, 94.51 W, 0 %, 50
2026/09/26 14:18:28.422, 0, 255 MHz, 32.27 W, 0 %, 61
2026/09/26 14:18:28.451, 1, 457 MHz, 65.88 W, 0 %, 42
2026/09/26 14:18:28.467, 2, 375 MHz, 65.54 W, 0 %, 52
2026/09/26 14:18:28.489, 3, 352 MHz, 81.84 W, 0 %, 49
2026/09/26 14:18:29.574, 0, 180 MHz, 19.95 W, 0 %, 60
2026/09/26 14:18:29.597, 1, 292 MHz, 57.90 W, 0 %, 42
2026/09/26 14:18:29.617, 2, 225 MHz, 22.02 W, 0 %, 51
2026/09/26 14:18:29.648, 3, 330 MHz, 58.79 W, 0 %, 49
2026/09/26 14:18:30.745, 0, 180 MHz, 17.10 W, 0 %, 60
2026/09/26 14:18:30.774, 1, 187 MHz, 41.64 W, 0 %, 42
2026/09/26 14:18:30.799, 2, 180 MHz, 13.26 W, 0 %, 51
2026/09/26 14:18:30.837, 3, 330 MHz, 30.28 W, 0 %, 49
2026/09/26 14:18:31.992, 0, 180 MHz, 15.06 W, 0 %, 59
2026/09/26 14:18:32.019, 1, 180 MHz, 31.96 W, 0 %, 41
2026/09/26 14:18:32.040, 2, 180 MHz, 13.45 W, 0 %, 50
2026/09/26 14:18:32.065, 3, 330 MHz, 30.03 W, 0 %, 48
2026/09/26 14:18:33.146, 0, 180 MHz, 14.81 W, 0 %, 59
2026/09/26 14:18:33.171, 1, 180 MHz, 20.27 W, 0 %, 41
2026/09/26 14:18:33.194, 2, 180 MHz, 13.26 W, 0 %, 50
2026/09/26 14:18:33.216, 3, 330 MHz, 29.49 W, 0 %, 48
2026/09/26 14:18:34.295, 0, 180 MHz, 14.52 W, 0 %, 59
2026/09/26 14:18:34.317, 1, 172 MHz, 19.98 W, 0 %, 41
2026/09/26 14:18:34.338, 2, 180 MHz, 13.36 W, 0 %, 49
2026/09/26 14:18:34.365, 3, 330 MHz, 29.24 W, 0 %, 48
2026/09/26 14:18:35.446, 0, 180 MHz, 14.27 W, 0 %, 58
2026/09/26 14:18:35.469, 1, 180 MHz, 18.14 W, 0 %, 41
2026/09/26 14:18:35.491, 2, 180 MHz, 13.35 W, 0 %, 49
2026/09/26 14:18:35.513, 3, 330 MHz, 29.14 W, 0 %, 48
2026/09/26 14:18:36.603, 0, 180 MHz, 14.32 W, 0 %, 58
2026/09/26 14:18:36.630, 1, 180 MHz, 18.01 W, 0 %, 41
2026/09/26 14:18:36.659, 2, 180 MHz, 13.29 W, 0 %, 49
2026/09/26 14:18:36.680, 3, 330 MHz, 28.56 W, 0 %, 48
2026/09/26 14:18:37.761, 0, 180 MHz, 14.20 W, 0 %, 58
2026/09/26 14:18:37.787, 1, 180 MHz, 17.46 W, 0 %, 40
2026/09/26 14:18:37.811, 2, 180 MHz, 13.10 W, 0 %, 48
2026/09/26 14:18:37.838, 3, 322 MHz, 28.31 W, 0 %, 47
2026/09/26 14:18:38.918, 0, 180 MHz, 13.72 W, 0 %, 57
2026/09/26 14:18:38.942, 1, 180 MHz, 17.43 W, 0 %, 40
2026/09/26 14:18:38.962, 2, 180 MHz, 12.78 W, 0 %, 48
2026/09/26 14:18:38.983, 3, 330 MHz, 28.43 W, 0 %, 47
2026/09/26 14:18:40.071, 0, 180 MHz, 13.73 W, 0 %, 57
2026/09/26 14:18:40.098, 1, 180 MHz, 17.55 W, 0 %, 40
2026/09/26 14:18:40.131, 2, 180 MHz, 12.78 W, 0 %, 48
2026/09/26 14:18:40.163, 3, 330 MHz, 29.10 W, 0 %, 47
2026/09/26 14:18:41.258, 0, 180 MHz, 13.89 W, 0 %, 57
2026/09/26 14:18:41.280, 1, 180 MHz, 17.77 W, 0 %, 40
2026/09/26 14:18:41.304, 2, 180 MHz, 12.92 W, 0 %, 47
2026/09/26 14:18:41.330, 3, 330 MHz, 29.41 W, 0 %, 47
2026/09/26 14:18:42.412, 0, 180 MHz, 13.87 W, 0 %, 57
2026/09/26 14:18:42.433, 1, 180 MHz, 17.87 W, 0 %, 40
2026/09/26 14:18:42.454, 2, 180 MHz, 12.84 W, 0 %, 47
2026/09/26 14:18:42.475, 3, 322 MHz, 29.51 W, 0 %, 47
2026/09/26 14:18:43.568, 0, 180 MHz, 13.39 W, 0 %, 56
2026/09/26 14:18:43.592, 1, 180 MHz, 17.80 W, 0 %, 40
2026/09/26 14:18:43.612, 2, 180 MHz, 12.42 W, 0 %, 47
2026/09/26 14:18:43.640, 3, 330 MHz, 28.43 W, 0 %, 46
2026/09/26 14:18:44.723, 0, 180 MHz, 13.43 W, 0 %, 56
2026/09/26 14:18:44.746, 1, 180 MHz, 17.96 W, 0 %, 39
2026/09/26 14:18:44.767, 2, 180 MHz, 12.11 W, 0 %, 47
2026/09/26 14:18:44.789, 3, 330 MHz, 28.00 W, 0 %, 46
2026/09/26 14:18:45.875, 0, 180 MHz, 12.93 W, 0 %, 56
2026/09/26 14:18:45.899, 1, 180 MHz, 17.42 W, 0 %, 39
2026/09/26 14:18:45.922, 2, 180 MHz, 12.00 W, 0 %, 47
2026/09/26 14:18:45.950, 3, 330 MHz, 28.19 W, 0 %, 46
2026/09/26 14:18:47.044, 0, 180 MHz, 13.10 W, 0 %, 56
2026/09/26 14:18:47.067, 1, 180 MHz, 17.59 W, 0 %, 39
2026/09/26 14:18:47.093, 2, 180 MHz, 12.03 W, 0 %, 46
2026/09/26 14:18:47.118, 3, 330 MHz, 28.26 W, 0 %, 46
2026/09/26 14:18:48.213, 0, 180 MHz, 13.22 W, 0 %, 55
2026/09/26 14:18:48.237, 1, 172 MHz, 18.04 W, 0 %, 39
2026/09/26 14:18:48.265, 2, 180 MHz, 11.90 W, 0 %, 46
2026/09/26 14:18:48.295, 3, 330 MHz, 27.75 W, 0 %, 46
2026/09/26 14:18:49.394, 0, 180 MHz, 13.06 W, 0 %, 55
2026/09/26 14:18:49.418, 1, 180 MHz, 18.35 W, 0 %, 39
2026/09/26 14:18:49.440, 2, 180 MHz, 12.05 W, 0 %, 46
2026/09/26 14:18:49.463, 3, 330 MHz, 28.31 W, 0 %, 46
2026/09/26 14:18:50.558, 0, 180 MHz, 12.78 W, 0 %, 55
2026/09/26 14:18:50.583, 1, 180 MHz, 18.00 W, 0 %, 39
2026/09/26 14:18:50.605, 2, 180 MHz, 12.14 W, 0 %, 46
2026/09/26 14:18:50.632, 3, 330 MHz, 27.96 W, 0 %, 45
2026/09/26 14:18:51.734, 0, 180 MHz, 12.69 W, 0 %, 55
2026/09/26 14:18:51.763, 1, 180 MHz, 17.36 W, 0 %, 39
2026/09/26 14:18:51.795, 2, 180 MHz, 11.61 W, 0 %, 45
2026/09/26 14:18:51.826, 3, 330 MHz, 26.93 W, 0 %, 45
2026/09/26 14:18:52.972, 0, 180 MHz, 12.48 W, 0 %, 54
2026/09/26 14:18:53.006, 1, 180 MHz, 32.07 W, 94 %, 38
2026/09/26 14:18:53.029, 2, 870 MHz, 36.91 W, 99 %, 45
2026/09/26 14:18:53.075, 3, 2490 MHz, 84.59 W, 99 %, 51
2026/09/26 14:18:54.169, 0, 2017 MHz, 205.63 W, 100 %, 63
2026/09/26 14:18:54.192, 1, 1852 MHz, 286.12 W, 100 %, 46
2026/09/26 14:18:54.215, 2, 2025 MHz, 238.32 W, 100 %, 52
2026/09/26 14:18:54.238, 3, 2407 MHz, 329.86 W, 99 %, 54
2026/09/26 14:18:55.320, 0, 2047 MHz, 267.47 W, 100 %, 64
2026/09/26 14:18:55.347, 1, 1905 MHz, 300.21 W, 100 %, 47
2026/09/26 14:18:55.370, 2, 2017 MHz, 265.22 W, 100 %, 53
2026/09/26 14:18:55.394, 3, 2430 MHz, 350.02 W, 100 %, 55
2026/09/26 14:18:56.476, 0, 2047 MHz, 267.49 W, 100 %, 65
2026/09/26 14:18:56.501, 1, 1890 MHz, 299.84 W, 100 %, 47
2026/09/26 14:18:56.522, 2, 2025 MHz, 265.24 W, 100 %, 54
2026/09/26 14:18:56.542, 3, 2437 MHz, 349.85 W, 100 %, 55
2026/09/26 14:18:57.612, 0, 2062 MHz, 268.13 W, 100 %, 64
2026/09/26 14:18:57.637, 1, 1882 MHz, 300.41 W, 100 %, 47
2026/09/26 14:18:57.656, 2, 2017 MHz, 264.61 W, 100 %, 54
2026/09/26 14:18:57.677, 3, 2445 MHz, 349.68 W, 100 %, 56
2026/09/26 14:18:58.764, 0, 2055 MHz, 267.07 W, 100 %, 66
2026/09/26 14:18:58.789, 1, 1852 MHz, 299.72 W, 100 %, 47
2026/09/26 14:18:58.808, 2, 2010 MHz, 264.95 W, 100 %, 55
2026/09/26 14:18:58.825, 3, 2422 MHz, 350.31 W, 100 %, 56
2026/09/26 14:18:59.899, 0, 2055 MHz, 268.16 W, 100 %, 67
2026/09/26 14:18:59.920, 1, 1890 MHz, 300.19 W, 100 %, 48
2026/09/26 14:18:59.938, 2, 2017 MHz, 265.50 W, 100 %, 55
2026/09/26 14:18:59.955, 3, 2415 MHz, 350.21 W, 100 %, 56
2026/09/26 14:19:01.026, 0, 2055 MHz, 267.77 W, 100 %, 67
2026/09/26 14:19:01.050, 1, 1927 MHz, 299.85 W, 100 %, 48
2026/09/26 14:19:01.072, 2, 2017 MHz, 264.77 W, 100 %, 55
2026/09/26 14:19:01.094, 3, 2430 MHz, 349.61 W, 100 %, 56
2026/09/26 14:19:02.170, 0, 2047 MHz, 267.11 W, 100 %, 67
2026/09/26 14:19:02.192, 1, 1897 MHz, 299.99 W, 100 %, 48
2026/09/26 14:19:02.217, 2, 2010 MHz, 266.32 W, 100 %, 56
2026/09/26 14:19:02.238, 3, 2392 MHz, 350.82 W, 100 %, 57
2026/09/26 14:19:03.318, 0, 2047 MHz, 268.07 W, 100 %, 68
2026/09/26 14:19:03.344, 1, 1882 MHz, 299.96 W, 100 %, 49
2026/09/26 14:19:03.362, 2, 2017 MHz, 266.20 W, 100 %, 56
2026/09/26 14:19:03.380, 3, 2407 MHz, 349.89 W, 100 %, 59
2026/09/26 14:19:04.448, 0, 2040 MHz, 268.62 W, 100 %, 68
2026/09/26 14:19:04.472, 1, 1867 MHz, 299.98 W, 100 %, 48
2026/09/26 14:19:04.493, 2, 2017 MHz, 266.22 W, 100 %, 57
2026/09/26 14:19:04.515, 3, 2392 MHz, 349.90 W, 100 %, 58
2026/09/26 14:19:05.593, 0, 2047 MHz, 268.32 W, 100 %, 69
2026/09/26 14:19:05.619, 1, 1852 MHz, 299.95 W, 100 %, 49
2026/09/26 14:19:05.646, 2, 2010 MHz, 265.70 W, 100 %, 57
2026/09/26 14:19:05.666, 3, 2385 MHz, 350.00 W, 100 %, 59
2026/09/26 14:19:06.739, 0, 2047 MHz, 269.04 W, 100 %, 69
2026/09/26 14:19:06.765, 1, 1897 MHz, 300.14 W, 100 %, 49
2026/09/26 14:19:06.791, 2, 2002 MHz, 265.77 W, 100 %, 58
2026/09/26 14:19:06.819, 3, 2377 MHz, 350.18 W, 100 %, 59
2026/09/26 14:19:07.904, 0, 2107 MHz, 177.48 W, 100 %, 68
2026/09/26 14:19:07.927, 1, 2617 MHz, 214.62 W, 99 %, 50
2026/09/26 14:19:07.954, 2, 2130 MHz, 174.96 W, 99 %, 55
2026/09/26 14:19:07.978, 3, 2647 MHz, 239.76 W, 99 %, 52
2026/09/26 14:19:09.067, 0, 2242 MHz, 285.64 W, 99 %, 69
2026/09/26 14:19:09.091, 1, 2302 MHz, 300.35 W, 99 %, 48
2026/09/26 14:19:09.114, 2, 2227 MHz, 284.21 W, 99 %, 57
2026/09/26 14:19:09.137, 3, 2677 MHz, 350.80 W, 99 %, 58
2026/09/26 14:19:10.217, 0, 2242 MHz, 286.07 W, 99 %, 69
2026/09/26 14:19:10.240, 1, 2310 MHz, 299.99 W, 99 %, 49
2026/09/26 14:19:10.259, 2, 2220 MHz, 284.10 W, 99 %, 58
2026/09/26 14:19:10.279, 3, 2670 MHz, 350.08 W, 99 %, 58
2026/09/26 14:19:11.370, 0, 2242 MHz, 286.83 W, 99 %, 70
2026/09/26 14:19:11.394, 1, 2302 MHz, 300.04 W, 99 %, 49
2026/09/26 14:19:11.414, 2, 2220 MHz, 284.79 W, 99 %, 58
2026/09/26 14:19:11.437, 3, 2670 MHz, 350.01 W, 99 %, 58
2026/09/26 14:19:12.556, 0, 2242 MHz, 287.19 W, 99 %, 70
2026/09/26 14:19:12.580, 1, 2317 MHz, 299.99 W, 99 %, 49
2026/09/26 14:19:12.604, 2, 2227 MHz, 284.70 W, 99 %, 59
2026/09/26 14:19:12.630, 3, 2670 MHz, 350.09 W, 99 %, 59
2026/09/26 14:19:13.719, 0, 2242 MHz, 288.12 W, 99 %, 70
2026/09/26 14:19:13.744, 1, 2317 MHz, 299.99 W, 99 %, 49
2026/09/26 14:19:13.767, 2, 2227 MHz, 285.49 W, 99 %, 59
2026/09/26 14:19:13.790, 3, 2670 MHz, 349.95 W, 99 %, 59
2026/09/26 14:19:14.872, 0, 2317 MHz, 126.74 W, 0 %, 65
2026/09/26 14:19:14.890, 1, 2857 MHz, 152.09 W, 0 %, 45
2026/09/26 14:19:14.905, 2, 2317 MHz, 87.59 W, 0 %, 55
2026/09/26 14:19:14.922, 3, 3000 MHz, 154.35 W, 0 %, 53
2026/09/26 14:19:15.986, 0, 2317 MHz, 108.33 W, 0 %, 65
2026/09/26 14:19:16.004, 1, 2842 MHz, 110.50 W, 0 %, 45
2026/09/26 14:19:16.019, 2, 2310 MHz, 79.44 W, 0 %, 54
2026/09/26 14:19:16.042, 3, 2820 MHz, 119.78 W, 0 %, 53
2026/09/26 14:19:17.123, 0, 2040 MHz, 155.49 W, 100 %, 69
2026/09/26 14:19:17.146, 1, 1912 MHz, 317.13 W, 100 %, 50
2026/09/26 14:19:17.164, 2, 2017 MHz, 236.04 W, 100 %, 59
2026/09/26 14:19:17.184, 3, 2400 MHz, 362.26 W, 100 %, 59
2026/09/26 14:19:18.266, 0, 2040 MHz, 270.55 W, 100 %, 70
2026/09/26 14:19:18.289, 1, 1860 MHz, 300.18 W, 100 %, 50
2026/09/26 14:19:18.309, 2, 2010 MHz, 266.60 W, 100 %, 59
2026/09/26 14:19:18.331, 3, 2370 MHz, 349.90 W, 100 %, 59
2026/09/26 14:19:19.410, 0, 2047 MHz, 270.86 W, 100 %, 71
2026/09/26 14:19:19.433, 1, 1875 MHz, 299.88 W, 100 %, 51
2026/09/26 14:19:19.459, 2, 2017 MHz, 267.11 W, 100 %, 60
2026/09/26 14:19:19.486, 3, 2385 MHz, 348.69 W, 99 %, 60
2026/09/26 14:19:20.570, 0, 2040 MHz, 270.68 W, 99 %, 71
2026/09/26 14:19:20.593, 1, 1920 MHz, 299.94 W, 100 %, 51
2026/09/26 14:19:20.620, 2, 2017 MHz, 266.76 W, 100 %, 61
2026/09/26 14:19:20.643, 3, 2370 MHz, 350.34 W, 100 %, 61
2026/09/26 14:19:21.722, 0, 2047 MHz, 271.08 W, 100 %, 72
2026/09/26 14:19:21.743, 1, 1867 MHz, 300.16 W, 100 %, 51
2026/09/26 14:19:21.770, 2, 2010 MHz, 266.52 W, 100 %, 61
2026/09/26 14:19:21.793, 3, 2355 MHz, 349.95 W, 100 %, 61
2026/09/26 14:19:22.861, 0, 2047 MHz, 271.11 W, 100 %, 72
2026/09/26 14:19:22.883, 1, 1852 MHz, 299.85 W, 100 %, 51
2026/09/26 14:19:22.902, 2, 2010 MHz, 265.49 W, 100 %, 61
2026/09/26 14:19:22.919, 3, 2347 MHz, 348.72 W, 99 %, 61
2026/09/26 14:19:23.991, 0, 2040 MHz, 271.36 W, 100 %, 73
2026/09/26 14:19:24.011, 1, 1860 MHz, 300.29 W, 100 %, 51
2026/09/26 14:19:24.037, 2, 2010 MHz, 267.09 W, 100 %, 60
2026/09/26 14:19:24.060, 3, 2377 MHz, 351.24 W, 100 %, 60
2026/09/26 14:19:25.141, 0, 2040 MHz, 271.75 W, 100 %, 72
2026/09/26 14:19:25.163, 1, 1852 MHz, 300.10 W, 100 %, 50
2026/09/26 14:19:25.183, 2, 1995 MHz, 266.84 W, 100 %, 61
2026/09/26 14:19:25.206, 3, 2362 MHz, 349.87 W, 100 %, 61
2026/09/26 14:19:26.278, 0, 2017 MHz, 272.20 W, 100 %, 73
2026/09/26 14:19:26.301, 1, 1845 MHz, 299.52 W, 100 %, 51
2026/09/26 14:19:26.321, 2, 2010 MHz, 267.03 W, 99 %, 62
2026/09/26 14:19:26.344, 3, 2370 MHz, 350.19 W, 99 %, 61
2026/09/26 14:19:27.420, 0, 2047 MHz, 270.50 W, 100 %, 74
2026/09/26 14:19:27.444, 1, 1905 MHz, 300.04 W, 100 %, 51
2026/09/26 14:19:27.464, 2, 1987 MHz, 266.00 W, 100 %, 61
2026/09/26 14:19:27.486, 3, 2370 MHz, 350.01 W, 100 %, 62
2026/09/26 14:19:28.566, 0, 2032 MHz, 272.01 W, 100 %, 74
2026/09/26 14:19:28.589, 1, 1852 MHz, 299.96 W, 100 %, 51
2026/09/26 14:19:28.612, 2, 1995 MHz, 266.87 W, 100 %, 62
2026/09/26 14:19:28.637, 3, 2362 MHz, 350.23 W, 100 %, 62
2026/09/26 14:19:29.714, 0, 2025 MHz, 271.83 W, 100 %, 74
2026/09/26 14:19:29.738, 1, 1890 MHz, 300.39 W, 100 %, 52
2026/09/26 14:19:29.757, 2, 2010 MHz, 266.70 W, 100 %, 62
2026/09/26 14:19:29.775, 3, 2362 MHz, 350.35 W, 100 %, 62
2026/09/26 14:19:30.856, 0, 2010 MHz, 190.69 W, 100 %, 73
2026/09/26 14:19:30.879, 1, 2002 MHz, 239.05 W, 100 %, 52
2026/09/26 14:19:30.898, 2, 1987 MHz, 194.07 W, 99 %, 61
2026/09/26 14:19:30.917, 3, 2392 MHz, 272.85 W, 99 %, 62
2026/09/26 14:19:31.994, 0, 2235 MHz, 290.77 W, 99 %, 73
2026/09/26 14:19:32.020, 1, 2295 MHz, 300.08 W, 99 %, 51
2026/09/26 14:19:32.042, 2, 2227 MHz, 287.99 W, 99 %, 61
2026/09/26 14:19:32.064, 3, 2632 MHz, 351.66 W, 99 %, 61
2026/09/26 14:19:33.144, 0, 2242 MHz, 291.54 W, 99 %, 74
2026/09/26 14:19:33.167, 1, 2287 MHz, 299.99 W, 99 %, 51
2026/09/26 14:19:33.184, 2, 2227 MHz, 287.17 W, 99 %, 62
2026/09/26 14:19:33.202, 3, 2632 MHz, 349.92 W, 99 %, 61
2026/09/26 14:19:34.313, 0, 2235 MHz, 292.98 W, 99 %, 74
2026/09/26 14:19:34.362, 1, 2272 MHz, 299.98 W, 99 %, 51
2026/09/26 14:19:34.426, 2, 2227 MHz, 288.21 W, 99 %, 62
2026/09/26 14:19:34.458, 3, 2617 MHz, 349.99 W, 99 %, 61
2026/09/26 14:19:35.549, 0, 2235 MHz, 292.84 W, 99 %, 74
2026/09/26 14:19:35.569, 1, 2280 MHz, 299.99 W, 99 %, 51
2026/09/26 14:19:35.587, 2, 2227 MHz, 288.37 W, 99 %, 62
2026/09/26 14:19:35.605, 3, 2625 MHz, 349.97 W, 99 %, 61
2026/09/26 14:19:36.685, 0, 2235 MHz, 293.05 W, 99 %, 75
2026/09/26 14:19:36.707, 1, 2287 MHz, 300.02 W, 99 %, 51
2026/09/26 14:19:36.726, 2, 2227 MHz, 288.13 W, 99 %, 63
2026/09/26 14:19:36.745, 3, 2617 MHz, 349.99 W, 99 %, 62
2026/09/26 14:19:37.824, 0, 2235 MHz, 293.08 W, 99 %, 75
2026/09/26 14:19:37.846, 1, 2287 MHz, 299.98 W, 99 %, 51
2026/09/26 14:19:37.863, 2, 2227 MHz, 288.40 W, 99 %, 63
2026/09/26 14:19:37.883, 3, 2617 MHz, 349.98 W, 99 %, 62
2026/09/26 14:19:38.989, 0, 2242 MHz, 294.04 W, 99 %, 75
2026/09/26 14:19:39.015, 1, 2287 MHz, 299.95 W, 99 %, 51
2026/09/26 14:19:39.033, 2, 2227 MHz, 288.70 W, 99 %, 63
2026/09/26 14:19:39.051, 3, 2625 MHz, 349.99 W, 99 %, 62
2026/09/26 14:19:40.123, 0, 2242 MHz, 294.21 W, 99 %, 76
2026/09/26 14:19:40.147, 1, 2287 MHz, 300.00 W, 99 %, 52
2026/09/26 14:19:40.171, 2, 2227 MHz, 288.88 W, 99 %, 63
2026/09/26 14:19:40.193, 3, 2625 MHz, 350.02 W, 99 %, 62
2026/09/26 14:19:41.268, 0, 2242 MHz, 294.63 W, 99 %, 76
2026/09/26 14:19:41.291, 1, 2287 MHz, 300.00 W, 99 %, 52
2026/09/26 14:19:41.310, 2, 2227 MHz, 289.07 W, 99 %, 63
2026/09/26 14:19:41.330, 3, 2617 MHz, 350.04 W, 99 %, 62
2026/09/26 14:19:42.411, 0, 2235 MHz, 295.24 W, 99 %, 76
2026/09/26 14:19:42.433, 1, 2280 MHz, 300.00 W, 99 %, 52
2026/09/26 14:19:42.452, 2, 2227 MHz, 289.21 W, 99 %, 63
2026/09/26 14:19:42.476, 3, 2610 MHz, 350.01 W, 99 %, 62
2026/09/26 14:19:43.553, 0, 2235 MHz, 295.89 W, 99 %, 76
2026/09/26 14:19:43.574, 1, 2272 MHz, 300.01 W, 99 %, 52
2026/09/26 14:19:43.591, 2, 2227 MHz, 289.42 W, 99 %, 63
2026/09/26 14:19:43.609, 3, 2610 MHz, 350.02 W, 99 %, 63
2026/09/26 14:19:44.681, 0, 2235 MHz, 296.15 W, 99 %, 76
2026/09/26 14:19:44.701, 1, 2280 MHz, 300.01 W, 99 %, 52
2026/09/26 14:19:44.725, 2, 2227 MHz, 289.43 W, 99 %, 64
2026/09/26 14:19:44.747, 3, 2610 MHz, 350.01 W, 99 %, 63
2026/09/26 14:19:45.826, 0, 2235 MHz, 295.43 W, 99 %, 77
2026/09/26 14:19:45.852, 1, 2272 MHz, 300.01 W, 99 %, 52
2026/09/26 14:19:45.877, 2, 2227 MHz, 289.69 W, 99 %, 64
2026/09/26 14:19:45.901, 3, 2602 MHz, 349.96 W, 99 %, 63
2026/09/26 14:19:46.982, 0, 2235 MHz, 296.28 W, 99 %, 77
2026/09/26 14:19:47.004, 1, 2265 MHz, 299.98 W, 99 %, 52
2026/09/26 14:19:47.022, 2, 2227 MHz, 289.90 W, 99 %, 64
2026/09/26 14:19:47.041, 3, 2610 MHz, 349.96 W, 99 %, 63
2026/09/26 14:19:48.121, 0, 2242 MHz, 296.45 W, 99 %, 77
2026/09/26 14:19:48.144, 1, 2265 MHz, 300.02 W, 99 %, 52
2026/09/26 14:19:48.164, 2, 2227 MHz, 289.78 W, 99 %, 64
2026/09/26 14:19:48.182, 3, 2602 MHz, 350.06 W, 99 %, 63
2026/09/26 14:19:49.262, 0, 2235 MHz, 296.88 W, 99 %, 77
2026/09/26 14:19:49.286, 1, 2272 MHz, 299.98 W, 99 %, 52
2026/09/26 14:19:49.306, 2, 2227 MHz, 290.14 W, 99 %, 64
2026/09/26 14:19:49.331, 3, 2602 MHz, 349.99 W, 99 %, 63
2026/09/26 14:19:50.413, 0, 2235 MHz, 297.44 W, 99 %, 78
2026/09/26 14:19:50.436, 1, 2257 MHz, 299.95 W, 99 %, 52
2026/09/26 14:19:50.462, 2, 2227 MHz, 290.42 W, 99 %, 65
2026/09/26 14:19:50.480, 3, 2602 MHz, 349.96 W, 99 %, 63
2026/09/26 14:19:51.563, 0, 2235 MHz, 297.82 W, 99 %, 78
2026/09/26 14:19:51.586, 1, 2257 MHz, 300.01 W, 99 %, 52
2026/09/26 14:19:51.612, 2, 2227 MHz, 290.38 W, 99 %, 65
2026/09/26 14:19:51.640, 3, 2595 MHz, 350.07 W, 99 %, 64
2026/09/26 14:19:52.721, 0, 2235 MHz, 298.02 W, 99 %, 78
2026/09/26 14:19:52.746, 1, 2272 MHz, 300.00 W, 99 %, 52
2026/09/26 14:19:52.766, 2, 2227 MHz, 290.68 W, 99 %, 65
2026/09/26 14:19:52.785, 3, 2602 MHz, 349.95 W, 99 %, 64
2026/09/26 14:19:53.872, 0, 2235 MHz, 298.40 W, 99 %, 78
2026/09/26 14:19:53.897, 1, 2250 MHz, 300.03 W, 99 %, 52
2026/09/26 14:19:53.925, 2, 2227 MHz, 290.97 W, 99 %, 65
2026/09/26 14:19:53.947, 3, 2595 MHz, 349.98 W, 99 %, 64
2026/09/26 14:19:55.024, 0, 2235 MHz, 279.44 W, 0 %, 75
2026/09/26 14:19:55.046, 1, 2857 MHz, 250.91 W, 0 %, 52
2026/09/26 14:19:55.061, 2, 2310 MHz, 233.56 W, 0 %, 65
2026/09/26 14:19:55.076, 3, 2992 MHz, 292.03 W, 0 %, 59
2026/09/26 14:19:56.137, 0, 2317 MHz, 111.04 W, 0 %, 72
2026/09/26 14:19:56.155, 1, 2857 MHz, 134.30 W, 0 %, 48
2026/09/26 14:19:56.171, 2, 2325 MHz, 104.73 W, 0 %, 60
2026/09/26 14:19:56.189, 3, 2992 MHz, 140.74 W, 0 %, 58
2026/09/26 14:19:57.253, 0, 2317 MHz, 90.11 W, 0 %, 71
2026/09/26 14:19:57.274, 1, 2857 MHz, 111.89 W, 0 %, 47
2026/09/26 14:19:57.292, 2, 2287 MHz, 80.15 W, 0 %, 59
2026/09/26 14:19:57.307, 3, 2895 MHz, 127.57 W, 0 %, 57
2026/09/26 14:19:58.368, 0, 2272 MHz, 89.54 W, 0 %, 71
2026/09/26 14:19:58.389, 1, 2610 MHz, 102.18 W, 0 %, 47
2026/09/26 14:19:58.405, 2, 2272 MHz, 79.83 W, 0 %, 59
2026/09/26 14:19:58.425, 3, 2610 MHz, 115.82 W, 0 %, 56
2026/09/26 14:19:59.495, 0, 2272 MHz, 88.73 W, 0 %, 70
2026/09/26 14:19:59.514, 1, 2610 MHz, 91.86 W, 0 %, 47
2026/09/26 14:19:59.528, 2, 2272 MHz, 79.81 W, 0 %, 58
2026/09/26 14:19:59.542, 3, 2610 MHz, 104.31 W, 0 %, 56
2026/09/26 14:20:00.613, 0, 2272 MHz, 88.23 W, 0 %, 70
2026/09/26 14:20:00.630, 1, 2610 MHz, 91.70 W, 0 %, 46
2026/09/26 14:20:00.644, 2, 2272 MHz, 79.71 W, 0 %, 58
2026/09/26 14:20:00.658, 3, 2610 MHz, 104.14 W, 0 %, 56
2026/09/26 14:20:01.719, 0, 2272 MHz, 88.03 W, 0 %, 69
2026/09/26 14:20:01.739, 1, 2610 MHz, 91.38 W, 0 %, 46
2026/09/26 14:20:01.754, 2, 2272 MHz, 79.50 W, 0 %, 57
2026/09/26 14:20:01.770, 3, 2610 MHz, 103.44 W, 0 %, 56
2026/09/26 14:20:02.831, 0, 2272 MHz, 87.50 W, 0 %, 68
2026/09/26 14:20:02.850, 1, 2610 MHz, 90.70 W, 0 %, 46
2026/09/26 14:20:02.865, 2, 2272 MHz, 79.53 W, 0 %, 57
2026/09/26 14:20:02.880, 3, 2610 MHz, 103.08 W, 0 %, 55
2026/09/26 14:20:03.942, 0, 2272 MHz, 86.28 W, 0 %, 68
2026/09/26 14:20:03.960, 1, 2610 MHz, 90.71 W, 0 %, 45
2026/09/26 14:20:03.975, 2, 2272 MHz, 79.43 W, 0 %, 57
2026/09/26 14:20:03.990, 3, 2610 MHz, 103.14 W, 0 %, 55
2026/09/26 14:20:05.053, 0, 2272 MHz, 85.72 W, 0 %, 68
2026/09/26 14:20:05.073, 1, 2610 MHz, 90.65 W, 0 %, 45
2026/09/26 14:20:05.089, 2, 2272 MHz, 79.42 W, 0 %, 56
2026/09/26 14:20:05.103, 3, 2610 MHz, 102.90 W, 0 %, 55
2026/09/26 14:20:06.170, 0, 2272 MHz, 85.40 W, 0 %, 67
2026/09/26 14:20:06.191, 1, 2610 MHz, 90.46 W, 0 %, 45
2026/09/26 14:20:06.208, 2, 2272 MHz, 79.31 W, 0 %, 55
2026/09/26 14:20:06.223, 3, 2610 MHz, 102.54 W, 0 %, 55
2026/09/26 14:20:07.283, 0, 2272 MHz, 84.75 W, 0 %, 67
2026/09/26 14:20:07.307, 1, 2610 MHz, 90.52 W, 0 %, 45
2026/09/26 14:20:07.322, 2, 2272 MHz, 79.09 W, 0 %, 55
2026/09/26 14:20:07.336, 3, 2610 MHz, 102.31 W, 0 %, 54
2026/09/26 14:20:08.396, 0, 2272 MHz, 83.30 W, 0 %, 67
2026/09/26 14:20:08.416, 1, 2610 MHz, 90.50 W, 0 %, 45
2026/09/26 14:20:08.437, 2, 2272 MHz, 79.03 W, 0 %, 55
2026/09/26 14:20:08.452, 3, 2610 MHz, 102.03 W, 0 %, 54
2026/09/26 14:20:09.513, 0, 2272 MHz, 83.29 W, 0 %, 66
2026/09/26 14:20:09.532, 1, 2610 MHz, 90.03 W, 0 %, 45
2026/09/26 14:20:09.547, 2, 2272 MHz, 78.97 W, 0 %, 55
2026/09/26 14:20:09.562, 3, 2610 MHz, 101.87 W, 0 %, 54
2026/09/26 14:20:10.629, 0, 2272 MHz, 82.85 W, 0 %, 66
2026/09/26 14:20:10.647, 1, 2610 MHz, 89.79 W, 0 %, 44
2026/09/26 14:20:10.662, 2, 2272 MHz, 78.76 W, 0 %, 54
2026/09/26 14:20:10.679, 3, 2610 MHz, 101.46 W, 0 %, 54
2026/09/26 14:20:11.755, 0, 2272 MHz, 82.25 W, 0 %, 66
2026/09/26 14:20:11.779, 1, 465 MHz, 78.00 W, 0 %, 43
2026/09/26 14:20:11.807, 2, 375 MHz, 66.16 W, 0 %, 54
2026/09/26 14:20:11.829, 3, 2197 MHz, 99.06 W, 0 %, 54
2026/09/26 14:20:12.917, 0, 315 MHz, 31.47 W, 0 %, 64
2026/09/26 14:20:12.943, 1, 292 MHz, 62.27 W, 0 %, 43
2026/09/26 14:20:12.961, 2, 232 MHz, 28.36 W, 0 %, 53
2026/09/26 14:20:12.997, 3, 352 MHz, 72.94 W, 0 %, 53
2026/09/26 14:20:14.108, 0, 180 MHz, 22.75 W, 0 %, 63
2026/09/26 14:20:14.145, 1, 180 MHz, 55.35 W, 0 %, 43
2026/09/26 14:20:14.177, 2, 180 MHz, 21.05 W, 0 %, 52
2026/09/26 14:20:14.200, 3, 330 MHz, 61.64 W, 0 %, 52
2026/09/26 14:20:15.278, 0, 180 MHz, 14.76 W, 0 %, 63
2026/09/26 14:20:15.303, 1, 180 MHz, 35.78 W, 0 %, 43
2026/09/26 14:20:15.327, 2, 180 MHz, 14.97 W, 0 %, 51
2026/09/26 14:20:15.351, 3, 330 MHz, 40.43 W, 0 %, 52
2026/09/26 14:20:16.438, 0, 180 MHz, 14.66 W, 0 %, 62
2026/09/26 14:20:16.461, 1, 180 MHz, 19.05 W, 0 %, 42
2026/09/26 14:20:16.483, 2, 180 MHz, 14.29 W, 0 %, 51
2026/09/26 14:20:16.507, 3, 330 MHz, 37.50 W, 0 %, 51
2026/09/26 14:20:17.595, 0, 180 MHz, 13.98 W, 0 %, 62
2026/09/26 14:20:17.617, 1, 180 MHz, 19.52 W, 0 %, 42
2026/09/26 14:20:17.638, 2, 180 MHz, 14.18 W, 0 %, 51
2026/09/26 14:20:17.665, 3, 330 MHz, 35.77 W, 0 %, 51
2026/09/26 14:20:18.758, 0, 180 MHz, 14.03 W, 0 %, 61
2026/09/26 14:20:18.785, 1, 180 MHz, 18.59 W, 0 %, 42
2026/09/26 14:20:18.807, 2, 180 MHz, 13.62 W, 0 %, 50
2026/09/26 14:20:18.829, 3, 330 MHz, 33.16 W, 0 %, 51
2026/09/26 14:20:19.915, 0, 180 MHz, 13.64 W, 0 %, 61
2026/09/26 14:20:19.938, 1, 180 MHz, 18.39 W, 0 %, 42
2026/09/26 14:20:19.964, 2, 180 MHz, 13.66 W, 0 %, 50
2026/09/26 14:20:19.987, 3, 322 MHz, 33.76 W, 0 %, 51
2026/09/26 14:20:21.068, 0, 180 MHz, 13.70 W, 0 %, 60
2026/09/26 14:20:21.094, 1, 180 MHz, 18.33 W, 0 %, 41
2026/09/26 14:20:21.121, 2, 180 MHz, 13.62 W, 0 %, 50
2026/09/26 14:20:21.149, 3, 330 MHz, 33.06 W, 0 %, 50
2026/09/26 14:20:22.240, 0, 180 MHz, 13.05 W, 0 %, 60
2026/09/26 14:20:22.263, 1, 180 MHz, 18.67 W, 0 %, 41
2026/09/26 14:20:22.284, 2, 180 MHz, 13.34 W, 0 %, 49
2026/09/26 14:20:22.306, 3, 330 MHz, 33.30 W, 0 %, 50
2026/09/26 14:20:23.386, 0, 180 MHz, 13.89 W, 0 %, 60
2026/09/26 14:20:23.408, 1, 180 MHz, 18.65 W, 0 %, 41
2026/09/26 14:20:23.429, 2, 180 MHz, 13.31 W, 0 %, 49
2026/09/26 14:20:23.453, 3, 330 MHz, 32.85 W, 0 %, 50
2026/09/26 14:20:24.535, 0, 180 MHz, 14.96 W, 0 %, 59
2026/09/26 14:20:24.557, 1, 180 MHz, 18.19 W, 0 %, 41
2026/09/26 14:20:24.578, 2, 180 MHz, 13.51 W, 0 %, 49
2026/09/26 14:20:24.607, 3, 322 MHz, 32.87 W, 0 %, 50
2026/09/26 14:20:25.688, 0, 180 MHz, 14.81 W, 0 %, 59
2026/09/26 14:20:25.714, 1, 180 MHz, 18.22 W, 0 %, 41
2026/09/26 14:20:25.738, 2, 180 MHz, 12.53 W, 0 %, 49
2026/09/26 14:20:25.760, 3, 330 MHz, 31.68 W, 0 %, 50
2026/09/26 14:20:26.841, 0, 180 MHz, 13.84 W, 0 %, 59
2026/09/26 14:20:26.865, 1, 180 MHz, 18.02 W, 0 %, 40
2026/09/26 14:20:26.887, 2, 180 MHz, 12.51 W, 0 %, 48
2026/09/26 14:20:26.909, 3, 330 MHz, 31.25 W, 0 %, 49
2026/09/26 14:20:27.992, 0, 180 MHz, 14.08 W, 0 %, 58
2026/09/26 14:20:28.017, 1, 180 MHz, 17.70 W, 0 %, 40
2026/09/26 14:20:28.044, 2, 180 MHz, 12.49 W, 0 %, 48
2026/09/26 14:20:28.066, 3, 330 MHz, 31.14 W, 0 %, 49
2026/09/26 14:20:29.156, 0, 180 MHz, 14.09 W, 0 %, 58
2026/09/26 14:20:29.178, 1, 180 MHz, 17.70 W, 0 %, 40
2026/09/26 14:20:29.201, 2, 180 MHz, 12.40 W, 0 %, 48
2026/09/26 14:20:29.224, 3, 330 MHz, 31.17 W, 0 %, 49
2026/09/26 14:20:30.312, 0, 180 MHz, 13.53 W, 0 %, 58
2026/09/26 14:20:30.335, 1, 180 MHz, 17.86 W, 0 %, 40
2026/09/26 14:20:30.367, 2, 180 MHz, 12.52 W, 0 %, 47
2026/09/26 14:20:30.392, 3, 330 MHz, 31.54 W, 0 %, 49
2026/09/26 14:20:31.481, 0, 180 MHz, 13.42 W, 0 %, 58
2026/09/26 14:20:31.505, 1, 180 MHz, 17.67 W, 0 %, 40
2026/09/26 14:20:31.531, 2, 180 MHz, 12.35 W, 0 %, 47
2026/09/26 14:20:31.559, 3, 330 MHz, 32.12 W, 0 %, 49
2026/09/26 14:20:32.684, 0, 180 MHz, 13.36 W, 0 %, 58
2026/09/26 14:20:32.719, 1, 180 MHz, 17.08 W, 0 %, 40
2026/09/26 14:20:32.763, 2, 180 MHz, 11.91 W, 0 %, 47
2026/09/26 14:20:32.799, 3, 330 MHz, 31.07 W, 0 %, 49
2026/09/26 14:20:33.879, 0, 180 MHz, 13.12 W, 0 %, 57
2026/09/26 14:20:33.901, 1, 180 MHz, 17.47 W, 0 %, 40
2026/09/26 14:20:33.922, 2, 180 MHz, 11.86 W, 0 %, 47
2026/09/26 14:20:33.944, 3, 330 MHz, 31.23 W, 0 %, 48
2026/09/26 14:20:35.022, 0, 180 MHz, 12.83 W, 0 %, 57
2026/09/26 14:20:35.048, 1, 180 MHz, 17.47 W, 0 %, 39
2026/09/26 14:20:35.069, 2, 180 MHz, 11.84 W, 0 %, 46
2026/09/26 14:20:35.090, 3, 330 MHz, 31.48 W, 0 %, 48
2026/09/26 14:20:36.171, 0, 180 MHz, 12.81 W, 0 %, 57
2026/09/26 14:20:36.194, 1, 180 MHz, 17.25 W, 0 %, 39
2026/09/26 14:20:36.215, 2, 180 MHz, 12.09 W, 0 %, 46
2026/09/26 14:20:36.237, 3, 330 MHz, 31.45 W, 0 %, 48
2026/09/26 14:20:37.318, 0, 180 MHz, 12.89 W, 0 %, 57
2026/09/26 14:20:37.341, 1, 180 MHz, 17.33 W, 0 %, 39
2026/09/26 14:20:37.362, 2, 180 MHz, 12.01 W, 0 %, 46
2026/09/26 14:20:37.384, 3, 330 MHz, 31.57 W, 0 %, 48
2026/09/26 14:20:38.466, 0, 180 MHz, 13.15 W, 0 %, 56
2026/09/26 14:20:38.492, 1, 180 MHz, 17.42 W, 0 %, 39
2026/09/26 14:20:38.515, 2, 180 MHz, 11.84 W, 0 %, 46
2026/09/26 14:20:38.537, 3, 330 MHz, 31.41 W, 0 %, 48
2026/09/26 14:20:39.618, 0, 180 MHz, 13.10 W, 0 %, 56
2026/09/26 14:20:39.640, 1, 180 MHz, 17.47 W, 0 %, 39
2026/09/26 14:20:39.661, 2, 180 MHz, 11.66 W, 0 %, 45
2026/09/26 14:20:39.683, 3, 330 MHz, 30.59 W, 0 %, 47
2026/09/26 14:20:40.762, 0, 180 MHz, 12.22 W, 0 %, 56
2026/09/26 14:20:40.788, 1, 180 MHz, 17.31 W, 0 %, 39
2026/09/26 14:20:40.811, 2, 180 MHz, 11.52 W, 0 %, 45
2026/09/26 14:20:40.833, 3, 330 MHz, 29.14 W, 0 %, 47
2026/09/26 14:20:41.912, 0, 180 MHz, 12.40 W, 0 %, 56
2026/09/26 14:20:41.938, 1, 180 MHz, 17.47 W, 0 %, 39
2026/09/26 14:20:41.964, 2, 180 MHz, 11.99 W, 0 %, 45
2026/09/26 14:20:41.997, 3, 330 MHz, 29.41 W, 0 %, 47
2026/09/26 14:20:43.097, 0, 180 MHz, 12.37 W, 0 %, 55
2026/09/26 14:20:43.121, 1, 180 MHz, 17.67 W, 0 %, 39
2026/09/26 14:20:43.143, 2, 180 MHz, 11.97 W, 0 %, 45
2026/09/26 14:20:43.166, 3, 330 MHz, 30.11 W, 0 %, 47
2026/09/26 14:20:44.299, 0, 180 MHz, 12.22 W, 0 %, 55
2026/09/26 14:20:44.321, 1, 1537 MHz, 60.87 W, 99 %, 38
2026/09/26 14:20:44.348, 2, 870 MHz, 41.10 W, 99 %, 44
2026/09/26 14:20:44.372, 3, 2482 MHz, 68.94 W, 99 %, 47
2026/09/26 14:20:45.468, 0, 2017 MHz, 264.07 W, 80 %, 61
2026/09/26 14:20:45.493, 1, 2152 MHz, 302.62 W, 100 %, 46
2026/09/26 14:20:45.518, 2, 2047 MHz, 263.35 W, 100 %, 52
2026/09/26 14:20:45.541, 3, 2460 MHz, 351.60 W, 100 %, 56
2026/09/26 14:20:46.618, 0, 2085 MHz, 244.36 W, 16 %, 60
2026/09/26 14:20:46.640, 1, 2640 MHz, 295.00 W, 100 %, 47
2026/09/26 14:20:46.663, 2, 2130 MHz, 247.39 W, 100 %, 52
2026/09/26 14:20:46.685, 3, 2625 MHz, 335.90 W, 100 %, 58
2026/09/26 14:20:47.762, 0, 2085 MHz, 246.92 W, 0 %, 61
2026/09/26 14:20:47.785, 1, 1957 MHz, 293.51 W, 100 %, 48
2026/09/26 14:20:47.808, 2, 1987 MHz, 245.60 W, 100 %, 53
2026/09/26 14:20:47.830, 3, 2370 MHz, 333.41 W, 100 %, 59
2026/09/26 14:20:48.905, 0, 2025 MHz, 247.90 W, 100 %, 66
2026/09/26 14:20:48.929, 1, 1965 MHz, 293.03 W, 100 %, 48
2026/09/26 14:20:48.949, 2, 2002 MHz, 245.46 W, 100 %, 53
2026/09/26 14:20:48.975, 3, 2377 MHz, 334.75 W, 100 %, 60
2026/09/26 14:20:50.063, 0, 2025 MHz, 247.77 W, 100 %, 67
2026/09/26 14:20:50.088, 1, 1882 MHz, 292.34 W, 99 %, 49
2026/09/26 14:20:50.112, 2, 1995 MHz, 243.40 W, 100 %, 54
2026/09/26 14:20:50.137, 3, 2347 MHz, 333.21 W, 100 %, 58
2026/09/26 14:20:51.219, 0, 2017 MHz, 246.75 W, 100 %, 66
2026/09/26 14:20:51.241, 1, 1815 MHz, 293.50 W, 100 %, 48
2026/09/26 14:20:51.262, 2, 2002 MHz, 246.33 W, 100 %, 55
2026/09/26 14:20:51.284, 3, 2355 MHz, 337.50 W, 100 %, 58
2026/09/26 14:20:52.347, 0, 2017 MHz, 246.85 W, 43 %, 65
2026/09/26 14:20:52.368, 1, 1807 MHz, 285.04 W, 43 %, 48
2026/09/26 14:20:52.390, 2, 2002 MHz, 247.00 W, 0 %, 55
2026/09/26 14:20:52.420, 3, 2475 MHz, 319.05 W, 0 %, 59
2026/09/26 14:20:53.505, 0, 2032 MHz, 250.46 W, 60 %, 67
2026/09/26 14:20:53.530, 1, 2692 MHz, 291.76 W, 99 %, 49
2026/09/26 14:20:53.554, 2, 2197 MHz, 244.56 W, 79 %, 55
2026/09/26 14:20:53.578, 3, 2850 MHz, 333.98 W, 77 %, 60
2026/09/26 14:20:54.656, 0, 2032 MHz, 247.02 W, 74 %, 68
2026/09/26 14:20:54.683, 1, 2632 MHz, 291.84 W, 100 %, 50
2026/09/26 14:20:54.707, 2, 1980 MHz, 243.89 W, 100 %, 55
2026/09/26 14:20:54.730, 3, 2880 MHz, 337.69 W, 100 %, 59
2026/09/26 14:20:55.809, 0, 2025 MHz, 249.56 W, 92 %, 68
2026/09/26 14:20:55.831, 1, 2265 MHz, 292.52 W, 100 %, 50
2026/09/26 14:20:55.852, 2, 2002 MHz, 246.93 W, 100 %, 56
2026/09/26 14:20:55.877, 3, 2445 MHz, 336.92 W, 100 %, 59
2026/09/26 14:20:56.953, 0, 2032 MHz, 249.96 W, 100 %, 68
2026/09/26 14:20:56.976, 1, 2355 MHz, 293.45 W, 100 %, 50
2026/09/26 14:20:56.995, 2, 2002 MHz, 245.88 W, 100 %, 56
2026/09/26 14:20:57.021, 3, 2467 MHz, 333.93 W, 100 %, 57
2026/09/26 14:20:58.095, 0, 2047 MHz, 249.24 W, 100 %, 70
2026/09/26 14:20:58.118, 1, 1867 MHz, 293.58 W, 99 %, 50
2026/09/26 14:20:58.144, 2, 1995 MHz, 247.36 W, 100 %, 57
2026/09/26 14:20:58.171, 3, 2347 MHz, 336.75 W, 100 %, 60
2026/09/26 14:20:59.258, 0, 2070 MHz, 251.27 W, 100 %, 69
2026/09/26 14:20:59.282, 1, 1852 MHz, 293.13 W, 100 %, 49
2026/09/26 14:20:59.306, 2, 2010 MHz, 247.08 W, 100 %, 57
2026/09/26 14:20:59.329, 3, 2317 MHz, 334.81 W, 100 %, 61
2026/09/26 14:21:00.411, 0, 2032 MHz, 251.02 W, 100 %, 70
2026/09/26 14:21:00.430, 1, 1852 MHz, 292.19 W, 82 %, 50
2026/09/26 14:21:00.448, 2, 2062 MHz, 247.17 W, 100 %, 57
2026/09/26 14:21:00.466, 3, 2325 MHz, 336.42 W, 100 %, 60
2026/09/26 14:21:01.528, 0, 2032 MHz, 250.67 W, 100 %, 70
2026/09/26 14:21:01.547, 1, 2070 MHz, 296.19 W, 5 %, 49
2026/09/26 14:21:01.569, 2, 2032 MHz, 235.19 W, 25 %, 58
2026/09/26 14:21:01.588, 3, 2715 MHz, 326.93 W, 36 %, 57
2026/09/26 14:21:02.677, 0, 2032 MHz, 250.18 W, 100 %, 70
2026/09/26 14:21:02.703, 1, 2017 MHz, 301.00 W, 100 %, 50
2026/09/26 14:21:02.729, 2, 2167 MHz, 249.40 W, 100 %, 54
2026/09/26 14:21:02.754, 3, 2670 MHz, 343.77 W, 100 %, 57
2026/09/26 14:21:03.854, 0, 2032 MHz, 252.72 W, 100 %, 70
2026/09/26 14:21:03.879, 1, 2722 MHz, 293.14 W, 100 %, 48
2026/09/26 14:21:03.908, 2, 2182 MHz, 247.73 W, 100 %, 54
2026/09/26 14:21:03.939, 3, 2692 MHz, 337.80 W, 100 %, 58
2026/09/26 14:21:05.023, 0, 2182 MHz, 253.90 W, 100 %, 71
2026/09/26 14:21:05.045, 1, 1987 MHz, 295.10 W, 100 %, 46
2026/09/26 14:21:05.071, 2, 1972 MHz, 245.97 W, 100 %, 55
2026/09/26 14:21:05.094, 3, 2347 MHz, 336.48 W, 100 %, 62
2026/09/26 14:21:06.163, 0, 2302 MHz, 219.48 W, 0 %, 66
2026/09/26 14:21:06.185, 1, 2857 MHz, 196.38 W, 0 %, 45
2026/09/26 14:21:06.201, 2, 2317 MHz, 147.27 W, 0 %, 54
2026/09/26 14:21:06.216, 3, 2992 MHz, 195.53 W, 0 %, 55
2026/09/26 14:21:07.283, 0, 2257 MHz, 115.62 W, 100 %, 69
2026/09/26 14:21:07.305, 1, 1860 MHz, 253.87 W, 100 %, 50
2026/09/26 14:21:07.325, 2, 2010 MHz, 201.50 W, 100 %, 58
2026/09/26 14:21:07.347, 3, 2325 MHz, 281.82 W, 100 %, 60
2026/09/26 14:21:08.457, 0, 2040 MHz, 270.70 W, 99 %, 71
2026/09/26 14:21:08.506, 1, 1927 MHz, 299.98 W, 100 %, 51
2026/09/26 14:21:08.528, 2, 2032 MHz, 265.11 W, 100 %, 59
2026/09/26 14:21:08.551, 3, 2347 MHz, 349.80 W, 100 %, 61
2026/09/26 14:21:09.623, 0, 2040 MHz, 270.67 W, 100 %, 71
2026/09/26 14:21:09.648, 1, 1845 MHz, 300.23 W, 100 %, 51
2026/09/26 14:21:09.675, 2, 1995 MHz, 266.60 W, 100 %, 60
2026/09/26 14:21:09.701, 3, 2332 MHz, 350.28 W, 100 %, 62
2026/09/26 14:21:10.784, 0, 2250 MHz, 239.85 W, 97 %, 71
2026/09/26 14:21:10.804, 1, 1845 MHz, 283.83 W, 100 %, 51
2026/09/26 14:21:10.828, 2, 2002 MHz, 234.51 W, 100 %, 59
2026/09/26 14:21:10.851, 3, 2340 MHz, 322.95 W, 100 %, 61
2026/09/26 14:21:11.934, 0, 2040 MHz, 271.17 W, 100 %, 73
2026/09/26 14:21:11.959, 1, 1860 MHz, 299.48 W, 100 %, 51
2026/09/26 14:21:11.977, 2, 2025 MHz, 265.59 W, 100 %, 60
2026/09/26 14:21:11.998, 3, 2325 MHz, 350.03 W, 100 %, 62
2026/09/26 14:21:13.079, 0, 2040 MHz, 271.63 W, 99 %, 72
2026/09/26 14:21:13.101, 1, 1852 MHz, 300.29 W, 100 %, 51
2026/09/26 14:21:13.125, 2, 2002 MHz, 266.61 W, 100 %, 60
2026/09/26 14:21:13.150, 3, 2310 MHz, 350.26 W, 100 %, 63
2026/09/26 14:21:14.258, 0, 2167 MHz, 238.54 W, 36 %, 68
2026/09/26 14:21:14.279, 1, 1890 MHz, 284.09 W, 100 %, 51
2026/09/26 14:21:14.303, 2, 2002 MHz, 237.37 W, 100 %, 61
2026/09/26 14:21:14.325, 3, 2317 MHz, 328.05 W, 100 %, 62
2026/09/26 14:21:15.400, 0, 2032 MHz, 271.83 W, 100 %, 73
2026/09/26 14:21:15.423, 1, 1852 MHz, 300.24 W, 100 %, 52
2026/09/26 14:21:15.450, 2, 2017 MHz, 266.04 W, 100 %, 60
2026/09/26 14:21:15.475, 3, 2332 MHz, 349.03 W, 100 %, 64
2026/09/26 14:21:16.562, 0, 2032 MHz, 272.12 W, 100 %, 73
2026/09/26 14:21:16.582, 1, 1867 MHz, 300.05 W, 100 %, 52
2026/09/26 14:21:16.600, 2, 2002 MHz, 267.04 W, 100 %, 60
2026/09/26 14:21:16.618, 3, 2287 MHz, 351.22 W, 100 %, 63
2026/09/26 14:21:17.688, 0, 2092 MHz, 247.36 W, 0 %, 69
2026/09/26 14:21:17.708, 1, 2737 MHz, 285.79 W, 100 %, 51
2026/09/26 14:21:17.732, 2, 1987 MHz, 240.19 W, 100 %, 61
2026/09/26 14:21:17.752, 3, 2692 MHz, 327.69 W, 100 %, 64
2026/09/26 14:21:18.830, 0, 2047 MHz, 270.49 W, 100 %, 74
2026/09/26 14:21:18.853, 1, 1860 MHz, 299.94 W, 100 %, 51
2026/09/26 14:21:18.873, 2, 2010 MHz, 266.76 W, 100 %, 62
2026/09/26 14:21:18.894, 3, 2317 MHz, 350.53 W, 100 %, 62
2026/09/26 14:21:19.964, 0, 2040 MHz, 272.73 W, 100 %, 74
2026/09/26 14:21:19.990, 1, 1867 MHz, 299.86 W, 99 %, 52
2026/09/26 14:21:20.018, 2, 2010 MHz, 266.44 W, 100 %, 61
2026/09/26 14:21:20.040, 3, 2317 MHz, 350.11 W, 100 %, 63
2026/09/26 14:21:21.118, 0, 2032 MHz, 257.46 W, 6 %, 71
2026/09/26 14:21:21.144, 1, 2820 MHz, 284.05 W, 100 %, 53
2026/09/26 14:21:21.165, 2, 2242 MHz, 238.72 W, 100 %, 61
2026/09/26 14:21:21.188, 3, 2812 MHz, 327.59 W, 100 %, 64
2026/09/26 14:21:22.272, 0, 2032 MHz, 246.94 W, 100 %, 74
2026/09/26 14:21:22.297, 1, 1845 MHz, 300.59 W, 100 %, 52
2026/09/26 14:21:22.319, 2, 2010 MHz, 267.50 W, 100 %, 63
2026/09/26 14:21:22.339, 3, 2302 MHz, 350.78 W, 100 %, 63
2026/09/26 14:21:23.410, 0, 2047 MHz, 273.48 W, 100 %, 74
2026/09/26 14:21:23.432, 1, 1845 MHz, 300.03 W, 99 %, 53
2026/09/26 14:21:23.453, 2, 2025 MHz, 266.98 W, 100 %, 62
2026/09/26 14:21:23.478, 3, 2302 MHz, 349.67 W, 99 %, 64
2026/09/26 14:21:24.559, 0, 2032 MHz, 268.95 W, 66 %, 75
2026/09/26 14:21:24.585, 1, 2632 MHz, 275.13 W, 64 %, 52
2026/09/26 14:21:24.609, 2, 2212 MHz, 239.59 W, 100 %, 63
2026/09/26 14:21:24.630, 3, 2910 MHz, 324.89 W, 100 %, 65
2026/09/26 14:21:25.706, 0, 2032 MHz, 247.91 W, 99 %, 75
2026/09/26 14:21:25.729, 1, 1837 MHz, 303.90 W, 100 %, 53
2026/09/26 14:21:25.753, 2, 2010 MHz, 268.76 W, 100 %, 62
2026/09/26 14:21:25.771, 3, 2310 MHz, 354.36 W, 100 %, 64
2026/09/26 14:21:26.840, 0, 2047 MHz, 274.08 W, 100 %, 75
2026/09/26 14:21:26.861, 1, 1852 MHz, 300.05 W, 100 %, 53
2026/09/26 14:21:26.881, 2, 2017 MHz, 267.33 W, 100 %, 62
2026/09/26 14:21:26.904, 3, 2302 MHz, 349.79 W, 100 %, 64
2026/09/26 14:21:27.977, 0, 2025 MHz, 274.08 W, 100 %, 76
2026/09/26 14:21:27.998, 1, 2392 MHz, 289.35 W, 24 %, 53
2026/09/26 14:21:28.016, 2, 2137 MHz, 243.65 W, 0 %, 63
2026/09/26 14:21:28.031, 3, 2265 MHz, 320.42 W, 0 %, 64
2026/09/26 14:21:29.091, 0, 2317 MHz, 112.07 W, 0 %, 70
2026/09/26 14:21:29.114, 1, 2857 MHz, 122.63 W, 0 %, 47
2026/09/26 14:21:29.139, 2, 2317 MHz, 79.92 W, 0 %, 57
2026/09/26 14:21:29.166, 3, 2992 MHz, 132.55 W, 0 %, 57
2026/09/26 14:21:30.315, 0, 2025 MHz, 215.79 W, 100 %, 75
2026/09/26 14:21:30.341, 1, 1875 MHz, 309.45 W, 100 %, 52
2026/09/26 14:21:30.360, 2, 2025 MHz, 270.89 W, 100 %, 62
2026/09/26 14:21:30.388, 3, 2310 MHz, 354.33 W, 100 %, 64
2026/09/26 14:21:31.475, 0, 2032 MHz, 273.20 W, 100 %, 76
2026/09/26 14:21:31.496, 1, 1845 MHz, 300.06 W, 100 %, 52
2026/09/26 14:21:31.515, 2, 2017 MHz, 267.19 W, 100 %, 63
2026/09/26 14:21:31.536, 3, 2295 MHz, 349.83 W, 100 %, 64
2026/09/26 14:21:32.616, 0, 2040 MHz, 273.79 W, 100 %, 76
2026/09/26 14:21:32.639, 1, 1852 MHz, 300.01 W, 100 %, 53
2026/09/26 14:21:32.658, 2, 2010 MHz, 266.50 W, 100 %, 62
2026/09/26 14:21:32.678, 3, 2325 MHz, 349.84 W, 99 %, 66
2026/09/26 14:21:33.757, 0, 2040 MHz, 273.07 W, 100 %, 76
2026/09/26 14:21:33.780, 1, 1807 MHz, 300.07 W, 100 %, 52
2026/09/26 14:21:33.796, 2, 2002 MHz, 267.35 W, 100 %, 63
2026/09/26 14:21:33.817, 3, 2295 MHz, 349.79 W, 100 %, 65
2026/09/26 14:21:34.909, 0, 2040 MHz, 273.25 W, 100 %, 76
2026/09/26 14:21:34.933, 1, 1852 MHz, 299.99 W, 100 %, 53
2026/09/26 14:21:34.958, 2, 2017 MHz, 267.78 W, 100 %, 64
2026/09/26 14:21:34.981, 3, 2302 MHz, 350.06 W, 100 %, 65
2026/09/26 14:21:36.051, 0, 2032 MHz, 273.94 W, 100 %, 77
2026/09/26 14:21:36.075, 1, 1890 MHz, 299.89 W, 100 %, 53
2026/09/26 14:21:36.096, 2, 2010 MHz, 266.92 W, 100 %, 63
2026/09/26 14:21:36.119, 3, 2347 MHz, 350.65 W, 100 %, 66
2026/09/26 14:21:37.192, 0, 2032 MHz, 273.14 W, 100 %, 77
2026/09/26 14:21:37.216, 1, 1875 MHz, 300.04 W, 100 %, 53
2026/09/26 14:21:37.237, 2, 1995 MHz, 266.91 W, 100 %, 64
2026/09/26 14:21:37.255, 3, 2302 MHz, 349.85 W, 100 %, 65
2026/09/26 14:21:38.327, 0, 2047 MHz, 273.71 W, 100 %, 77
2026/09/26 14:21:38.350, 1, 1852 MHz, 300.13 W, 100 %, 53
2026/09/26 14:21:38.370, 2, 2010 MHz, 267.47 W, 100 %, 63
2026/09/26 14:21:38.391, 3, 2310 MHz, 349.79 W, 100 %, 66
2026/09/26 14:21:39.464, 0, 2025 MHz, 274.57 W, 100 %, 77
2026/09/26 14:21:39.488, 1, 1845 MHz, 299.72 W, 100 %, 53
2026/09/26 14:21:39.507, 2, 2010 MHz, 266.49 W, 100 %, 64
2026/09/26 14:21:39.527, 3, 2280 MHz, 349.75 W, 100 %, 65
2026/09/26 14:21:40.605, 0, 2025 MHz, 273.32 W, 99 %, 76
2026/09/26 14:21:40.629, 1, 1897 MHz, 299.98 W, 100 %, 53
2026/09/26 14:21:40.650, 2, 2010 MHz, 267.34 W, 100 %, 64
2026/09/26 14:21:40.670, 3, 2287 MHz, 350.11 W, 100 %, 66
2026/09/26 14:21:41.744, 0, 2032 MHz, 273.48 W, 100 %, 77
2026/09/26 14:21:41.765, 1, 1845 MHz, 300.09 W, 100 %, 53
2026/09/26 14:21:41.786, 2, 2017 MHz, 266.66 W, 100 %, 63
2026/09/26 14:21:41.814, 3, 2302 MHz, 350.05 W, 100 %, 67
2026/09/26 14:21:42.885, 0, 2025 MHz, 266.53 W, 55 %, 76
2026/09/26 14:21:42.906, 1, 1845 MHz, 275.72 W, 56 %, 54
2026/09/26 14:21:42.922, 2, 2002 MHz, 247.23 W, 0 %, 64
2026/09/26 14:21:42.937, 3, 2377 MHz, 326.50 W, 0 %, 66
2026/09/26 14:21:44.016, 0, 2010 MHz, 179.00 W, 100 %, 77
2026/09/26 14:21:44.039, 1, 1837 MHz, 252.85 W, 100 %, 53
2026/09/26 14:21:44.059, 2, 2002 MHz, 201.28 W, 100 %, 64
2026/09/26 14:21:44.078, 3, 2272 MHz, 290.61 W, 100 %, 66
2026/09/26 14:21:45.163, 0, 2025 MHz, 274.59 W, 100 %, 77
2026/09/26 14:21:45.183, 1, 1845 MHz, 299.65 W, 99 %, 53
2026/09/26 14:21:45.201, 2, 2010 MHz, 267.84 W, 100 %, 64
2026/09/26 14:21:45.225, 3, 2295 MHz, 350.84 W, 100 %, 67
2026/09/26 14:21:46.304, 0, 2032 MHz, 275.40 W, 100 %, 77
2026/09/26 14:21:46.329, 1, 1837 MHz, 300.00 W, 100 %, 53
2026/09/26 14:21:46.353, 2, 1995 MHz, 266.91 W, 100 %, 64
2026/09/26 14:21:46.376, 3, 2272 MHz, 350.08 W, 100 %, 67
2026/09/26 14:21:47.454, 0, 2032 MHz, 274.89 W, 100 %, 78
2026/09/26 14:21:47.478, 1, 1852 MHz, 300.00 W, 100 %, 53
2026/09/26 14:21:47.500, 2, 2010 MHz, 267.45 W, 100 %, 63
2026/09/26 14:21:47.527, 3, 2295 MHz, 350.16 W, 100 %, 65
2026/09/26 14:21:48.612, 0, 2032 MHz, 274.70 W, 100 %, 77
2026/09/26 14:21:48.636, 1, 1882 MHz, 300.03 W, 100 %, 54
2026/09/26 14:21:48.657, 2, 2010 MHz, 266.66 W, 100 %, 64
2026/09/26 14:21:48.681, 3, 2310 MHz, 350.29 W, 100 %, 66
2026/09/26 14:21:49.785, 0, 2032 MHz, 274.49 W, 99 %, 78
2026/09/26 14:21:49.810, 1, 1830 MHz, 299.93 W, 100 %, 54
2026/09/26 14:21:49.835, 2, 1995 MHz, 267.30 W, 100 %, 64
2026/09/26 14:21:49.864, 3, 2287 MHz, 350.05 W, 100 %, 66
2026/09/26 14:21:50.946, 0, 2032 MHz, 274.48 W, 100 %, 79
2026/09/26 14:21:50.965, 1, 1852 MHz, 300.03 W, 100 %, 53
2026/09/26 14:21:50.982, 2, 2010 MHz, 267.08 W, 100 %, 65
2026/09/26 14:21:50.998, 3, 2287 MHz, 350.22 W, 100 %, 67
2026/09/26 14:21:52.071, 0, 2032 MHz, 274.92 W, 100 %, 78
2026/09/26 14:21:52.096, 1, 1882 MHz, 300.28 W, 100 %, 54
2026/09/26 14:21:52.121, 2, 2017 MHz, 267.33 W, 100 %, 64
2026/09/26 14:21:52.144, 3, 2295 MHz, 349.87 W, 100 %, 68
2026/09/26 14:21:53.232, 0, 2025 MHz, 274.45 W, 99 %, 77
2026/09/26 14:21:53.257, 1, 1837 MHz, 299.94 W, 100 %, 54
2026/09/26 14:21:53.282, 2, 2002 MHz, 266.91 W, 100 %, 64
2026/09/26 14:21:53.307, 3, 2265 MHz, 350.29 W, 100 %, 67
2026/09/26 14:21:54.387, 0, 2032 MHz, 275.56 W, 100 %, 78
2026/09/26 14:21:54.407, 1, 1845 MHz, 300.11 W, 100 %, 55
2026/09/26 14:21:54.428, 2, 2017 MHz, 266.30 W, 100 %, 65
2026/09/26 14:21:54.450, 3, 2280 MHz, 350.30 W, 100 %, 66
2026/09/26 14:21:55.521, 0, 2025 MHz, 274.89 W, 100 %, 79
2026/09/26 14:21:55.544, 1, 1867 MHz, 299.87 W, 100 %, 54
2026/09/26 14:21:55.565, 2, 2017 MHz, 265.85 W, 99 %, 65
2026/09/26 14:21:55.587, 3, 2310 MHz, 350.70 W, 100 %, 67
2026/09/26 14:21:56.664, 0, 2017 MHz, 274.79 W, 99 %, 78
2026/09/26 14:21:56.688, 1, 1875 MHz, 300.43 W, 100 %, 54
2026/09/26 14:21:56.712, 2, 2017 MHz, 267.37 W, 100 %, 65
2026/09/26 14:21:56.733, 3, 2280 MHz, 350.49 W, 100 %, 67
2026/09/26 14:21:57.799, 0, 2242 MHz, 228.35 W, 0 %, 74
2026/09/26 14:21:57.818, 1, 2857 MHz, 170.74 W, 0 %, 49
2026/09/26 14:21:57.837, 2, 2325 MHz, 125.81 W, 0 %, 60
2026/09/26 14:21:57.852, 3, 2992 MHz, 190.68 W, 0 %, 61
2026/09/26 14:21:58.911, 0, 2317 MHz, 94.98 W, 0 %, 73
2026/09/26 14:21:58.932, 1, 2857 MHz, 121.06 W, 0 %, 49
2026/09/26 14:21:58.946, 2, 2325 MHz, 88.28 W, 0 %, 60
2026/09/26 14:21:58.960, 3, 2992 MHz, 166.38 W, 0 %, 60
2026/09/26 14:22:00.021, 0, 2295 MHz, 90.39 W, 0 %, 72
2026/09/26 14:22:00.038, 1, 2610 MHz, 103.69 W, 0 %, 48
2026/09/26 14:22:00.053, 2, 2272 MHz, 80.02 W, 0 %, 59
2026/09/26 14:22:00.067, 3, 2610 MHz, 107.61 W, 0 %, 59
2026/09/26 14:22:01.132, 0, 2272 MHz, 89.88 W, 0 %, 71
2026/09/26 14:22:01.149, 1, 2610 MHz, 93.21 W, 0 %, 47
2026/09/26 14:22:01.164, 2, 2272 MHz, 79.86 W, 0 %, 58
2026/09/26 14:22:01.180, 3, 2610 MHz, 107.59 W, 0 %, 58
2026/09/26 14:22:02.244, 0, 2272 MHz, 89.10 W, 0 %, 70
2026/09/26 14:22:02.268, 1, 2610 MHz, 93.03 W, 0 %, 47
2026/09/26 14:22:02.284, 2, 2272 MHz, 79.81 W, 0 %, 57
2026/09/26 14:22:02.300, 3, 2610 MHz, 107.40 W, 0 %, 58
2026/09/26 14:22:03.361, 0, 2272 MHz, 88.52 W, 0 %, 70
2026/09/26 14:22:03.385, 1, 2610 MHz, 92.71 W, 0 %, 47
2026/09/26 14:22:03.400, 2, 2272 MHz, 79.73 W, 0 %, 57
2026/09/26 14:22:03.415, 3, 2610 MHz, 106.58 W, 0 %, 57
2026/09/26 14:22:04.483, 0, 2272 MHz, 88.07 W, 0 %, 69
2026/09/26 14:22:04.501, 1, 2610 MHz, 92.48 W, 0 %, 46
2026/09/26 14:22:04.515, 2, 2272 MHz, 79.55 W, 0 %, 57
2026/09/26 14:22:04.530, 3, 2610 MHz, 106.24 W, 0 %, 57
2026/09/26 14:22:05.590, 0, 2272 MHz, 87.68 W, 0 %, 69
2026/09/26 14:22:05.613, 1, 2610 MHz, 91.93 W, 0 %, 46
2026/09/26 14:22:05.628, 2, 2272 MHz, 79.53 W, 0 %, 56
2026/09/26 14:22:05.643, 3, 2610 MHz, 105.71 W, 0 %, 57
2026/09/26 14:22:06.703, 0, 2272 MHz, 87.52 W, 0 %, 68
2026/09/26 14:22:06.721, 1, 2610 MHz, 91.87 W, 0 %, 46
2026/09/26 14:22:06.734, 2, 2272 MHz, 79.42 W, 0 %, 56
2026/09/26 14:22:06.749, 3, 2610 MHz, 104.95 W, 0 %, 57
2026/09/26 14:22:07.809, 0, 2272 MHz, 86.51 W, 0 %, 68
2026/09/26 14:22:07.827, 1, 2610 MHz, 91.54 W, 0 %, 46
2026/09/26 14:22:07.841, 2, 2272 MHz, 79.33 W, 0 %, 55
2026/09/26 14:22:07.856, 3, 2610 MHz, 104.47 W, 0 %, 57
2026/09/26 14:22:08.925, 0, 2272 MHz, 86.07 W, 0 %, 68
2026/09/26 14:22:08.942, 1, 2610 MHz, 91.25 W, 0 %, 46
2026/09/26 14:22:08.957, 2, 2272 MHz, 79.18 W, 0 %, 55
2026/09/26 14:22:08.971, 3, 2610 MHz, 104.03 W, 0 %, 56
2026/09/26 14:22:10.035, 0, 2272 MHz, 85.66 W, 0 %, 67
2026/09/26 14:22:10.052, 1, 2610 MHz, 90.99 W, 0 %, 45
2026/09/26 14:22:10.067, 2, 2272 MHz, 79.02 W, 0 %, 55
2026/09/26 14:22:10.081, 3, 2610 MHz, 103.77 W, 0 %, 56
2026/09/26 14:22:11.144, 0, 2272 MHz, 84.43 W, 0 %, 67
2026/09/26 14:22:11.162, 1, 2610 MHz, 90.99 W, 0 %, 45
2026/09/26 14:22:11.183, 2, 2272 MHz, 78.86 W, 0 %, 54
2026/09/26 14:22:11.197, 3, 2610 MHz, 103.64 W, 0 %, 56
2026/09/26 14:22:12.258, 0, 2272 MHz, 84.27 W, 0 %, 67
2026/09/26 14:22:12.277, 1, 2610 MHz, 90.94 W, 0 %, 45
2026/09/26 14:22:12.291, 2, 2272 MHz, 78.68 W, 0 %, 54
2026/09/26 14:22:12.306, 3, 2610 MHz, 103.12 W, 0 %, 56
2026/09/26 14:22:13.366, 0, 2272 MHz, 82.92 W, 0 %, 66
2026/09/26 14:22:13.387, 1, 2610 MHz, 90.55 W, 0 %, 45
2026/09/26 14:22:13.402, 2, 2272 MHz, 78.58 W, 0 %, 54
2026/09/26 14:22:13.420, 3, 2610 MHz, 103.07 W, 0 %, 55
2026/09/26 14:22:14.488, 0, 390 MHz, 56.41 W, 0 %, 65
2026/09/26 14:22:14.511, 1, 2527 MHz, 89.96 W, 0 %, 44
2026/09/26 14:22:14.526, 2, 2272 MHz, 78.51 W, 0 %, 53
2026/09/26 14:22:14.548, 3, 502 MHz, 96.33 W, 0 %, 54
2026/09/26 14:22:15.620, 0, 232 MHz, 22.65 W, 0 %, 64
2026/09/26 14:22:15.647, 1, 360 MHz, 58.45 W, 0 %, 44
2026/09/26 14:22:15.669, 2, 337 MHz, 41.79 W, 0 %, 52
2026/09/26 14:22:15.693, 3, 330 MHz, 72.23 W, 0 %, 54
2026/09/26 14:22:16.781, 0, 180 MHz, 19.07 W, 0 %, 63
2026/09/26 14:22:16.808, 1, 232 MHz, 58.31 W, 0 %, 43
2026/09/26 14:22:16.827, 2, 202 MHz, 25.20 W, 0 %, 52
2026/09/26 14:22:16.854, 3, 330 MHz, 55.59 W, 0 %, 53
2026/09/26 14:22:17.949, 0, 180 MHz, 14.95 W, 0 %, 63
2026/09/26 14:22:17.976, 1, 180 MHz, 53.28 W, 0 %, 43
2026/09/26 14:22:18.005, 2, 180 MHz, 17.27 W, 0 %, 51
2026/09/26 14:22:18.035, 3, 330 MHz, 36.33 W, 0 %, 53
2026/09/26 14:22:19.149, 0, 180 MHz, 14.95 W, 0 %, 63
2026/09/26 14:22:19.186, 1, 172 MHz, 21.21 W, 0 %, 42
2026/09/26 14:22:19.247, 2, 180 MHz, 13.72 W, 0 %, 51
2026/09/26 14:22:19.277, 3, 330 MHz, 37.07 W, 0 %, 53
2026/09/26 14:22:20.375, 0, 180 MHz, 14.93 W, 0 %, 62
2026/09/26 14:22:20.399, 1, 180 MHz, 19.96 W, 0 %, 42
2026/09/26 14:22:20.421, 2, 180 MHz, 14.05 W, 0 %, 50
2026/09/26 14:22:20.444, 3, 330 MHz, 36.93 W, 0 %, 52
2026/09/26 14:22:21.528, 0, 180 MHz, 14.59 W, 0 %, 61
2026/09/26 14:22:21.551, 1, 180 MHz, 18.44 W, 0 %, 42
2026/09/26 14:22:21.572, 2, 180 MHz, 13.84 W, 0 %, 50
2026/09/26 14:22:21.593, 3, 330 MHz, 35.82 W, 0 %, 52
2026/09/26 14:22:22.672, 0, 180 MHz, 13.93 W, 0 %, 61
2026/09/26 14:22:22.694, 1, 180 MHz, 18.77 W, 0 %, 42
2026/09/26 14:22:22.721, 2, 180 MHz, 14.07 W, 0 %, 50
2026/09/26 14:22:22.742, 3, 330 MHz, 34.50 W, 0 %, 52
2026/09/26 14:22:23.822, 0, 180 MHz, 13.93 W, 0 %, 61
2026/09/26 14:22:23.844, 1, 180 MHz, 18.58 W, 0 %, 42
2026/09/26 14:22:23.865, 2, 180 MHz, 13.83 W, 0 %, 49
2026/09/26 14:22:23.886, 3, 330 MHz, 34.96 W, 0 %, 52
2026/09/26 14:22:24.968, 0, 180 MHz, 13.99 W, 0 %, 61
2026/09/26 14:22:24.996, 1, 180 MHz, 18.19 W, 0 %, 42
2026/09/26 14:22:25.025, 2, 180 MHz, 12.81 W, 0 %, 49
2026/09/26 14:22:25.057, 3, 330 MHz, 33.88 W, 0 %, 52
2026/09/26 14:22:26.161, 0, 180 MHz, 13.63 W, 0 %, 60
2026/09/26 14:22:26.190, 1, 172 MHz, 18.05 W, 0 %, 41
2026/09/26 14:22:26.216, 2, 180 MHz, 12.99 W, 0 %, 49
2026/09/26 14:22:26.240, 3, 330 MHz, 32.72 W, 0 %, 51
2026/09/26 14:22:27.324, 0, 180 MHz, 13.64 W, 0 %, 60
2026/09/26 14:22:27.350, 1, 180 MHz, 18.14 W, 0 %, 41
2026/09/26 14:22:27.372, 2, 180 MHz, 13.11 W, 0 %, 48
2026/09/26 14:22:27.396, 3, 330 MHz, 32.92 W, 0 %, 51
2026/09/26 14:22:28.479, 0, 180 MHz, 13.98 W, 0 %, 59
2026/09/26 14:22:28.504, 1, 180 MHz, 18.17 W, 0 %, 41
2026/09/26 14:22:28.527, 2, 180 MHz, 13.06 W, 0 %, 48
2026/09/26 14:22:28.548, 3, 330 MHz, 32.98 W, 0 %, 51
2026/09/26 14:22:29.631, 0, 180 MHz, 14.61 W, 0 %, 59
2026/09/26 14:22:29.659, 1, 180 MHz, 18.05 W, 0 %, 41
2026/09/26 14:22:29.688, 2, 180 MHz, 12.69 W, 0 %, 48
2026/09/26 14:22:29.714, 3, 330 MHz, 33.13 W, 0 %, 51
2026/09/26 14:22:30.815, 0, 180 MHz, 14.71 W, 0 %, 59
2026/09/26 14:22:30.838, 1, 180 MHz, 18.09 W, 0 %, 41
2026/09/26 14:22:30.859, 2, 180 MHz, 12.80 W, 0 %, 48
2026/09/26 14:22:30.880, 3, 330 MHz, 32.79 W, 0 %, 50
2026/09/26 14:22:31.961, 0, 180 MHz, 14.46 W, 0 %, 59
2026/09/26 14:22:31.988, 1, 180 MHz, 17.99 W, 0 %, 40
2026/09/26 14:22:32.013, 2, 180 MHz, 12.72 W, 0 %, 47
2026/09/26 14:22:32.036, 3, 330 MHz, 31.95 W, 0 %, 50
2026/09/26 14:22:33.121, 0, 180 MHz, 14.06 W, 0 %, 59
2026/09/26 14:22:33.144, 1, 180 MHz, 17.80 W, 0 %, 40
2026/09/26 14:22:33.165, 2, 180 MHz, 12.52 W, 0 %, 47
2026/09/26 14:22:33.187, 3, 330 MHz, 31.12 W, 0 %, 50
2026/09/26 14:22:34.274, 0, 180 MHz, 14.12 W, 0 %, 58
2026/09/26 14:22:34.302, 1, 180 MHz, 17.97 W, 0 %, 40
2026/09/26 14:22:34.327, 2, 180 MHz, 12.41 W, 0 %, 47
2026/09/26 14:22:34.351, 3, 330 MHz, 31.68 W, 0 %, 50
2026/09/26 14:22:35.453, 0, 180 MHz, 13.59 W, 0 %, 58
2026/09/26 14:22:35.478, 1, 180 MHz, 17.89 W, 0 %, 40
2026/09/26 14:22:35.505, 2, 180 MHz, 12.62 W, 0 %, 47
2026/09/26 14:22:35.537, 3, 330 MHz, 31.41 W, 0 %, 50
2026/09/26 14:22:36.649, 0, 180 MHz, 13.32 W, 0 %, 58
2026/09/26 14:22:36.683, 1, 180 MHz, 18.32 W, 0 %, 40
2026/09/26 14:22:36.731, 2, 180 MHz, 12.62 W, 0 %, 46
2026/09/26 14:22:36.763, 3, 322 MHz, 31.27 W, 0 %, 49
2026/09/26 14:22:37.845, 0, 180 MHz, 13.07 W, 0 %, 58
2026/09/26 14:22:37.870, 1, 180 MHz, 18.20 W, 0 %, 40
2026/09/26 14:22:37.894, 2, 180 MHz, 12.44 W, 0 %, 46
2026/09/26 14:22:37.916, 3, 330 MHz, 30.96 W, 0 %, 49
2026/09/26 14:22:38.997, 0, 180 MHz, 13.36 W, 0 %, 57
2026/09/26 14:22:39.023, 1, 180 MHz, 17.57 W, 0 %, 40
2026/09/26 14:22:39.051, 2, 180 MHz, 11.74 W, 0 %, 46
2026/09/26 14:22:39.077, 3, 330 MHz, 30.57 W, 0 %, 49
2026/09/26 14:22:40.161, 0, 180 MHz, 13.20 W, 0 %, 57
2026/09/26 14:22:40.188, 1, 180 MHz, 17.53 W, 0 %, 39
2026/09/26 14:22:40.212, 2, 180 MHz, 11.81 W, 0 %, 46
2026/09/26 14:22:40.235, 3, 322 MHz, 30.63 W, 0 %, 49
2026/09/26 14:22:41.316, 0, 180 MHz, 13.14 W, 0 %, 57
2026/09/26 14:22:41.339, 1, 180 MHz, 17.58 W, 0 %, 39
2026/09/26 14:22:41.360, 2, 180 MHz, 12.47 W, 0 %, 45
2026/09/26 14:22:41.381, 3, 330 MHz, 31.06 W, 0 %, 49
2026/09/26 14:22:42.463, 0, 180 MHz, 13.00 W, 0 %, 57
2026/09/26 14:22:42.489, 1, 180 MHz, 17.54 W, 0 %, 39
2026/09/26 14:22:42.511, 2, 180 MHz, 11.68 W, 0 %, 45
2026/09/26 14:22:42.533, 3, 330 MHz, 31.06 W, 0 %, 48
2026/09/26 14:22:43.621, 0, 180 MHz, 12.86 W, 0 %, 56
2026/09/26 14:22:43.644, 1, 180 MHz, 17.64 W, 0 %, 39
2026/09/26 14:22:43.667, 2, 180 MHz, 12.03 W, 0 %, 45
2026/09/26 14:22:43.690, 3, 330 MHz, 31.57 W, 0 %, 48
2026/09/26 14:22:44.777, 0, 172 MHz, 13.27 W, 0 %, 56
2026/09/26 14:22:44.800, 1, 180 MHz, 17.44 W, 0 %, 39
2026/09/26 14:22:44.823, 2, 180 MHz, 12.15 W, 0 %, 45
2026/09/26 14:22:44.847, 3, 330 MHz, 30.67 W, 0 %, 48
2026/09/26 14:22:45.930, 0, 180 MHz, 13.20 W, 0 %, 56
2026/09/26 14:22:45.957, 1, 180 MHz, 17.59 W, 0 %, 39
2026/09/26 14:22:45.981, 2, 180 MHz, 11.63 W, 0 %, 45
2026/09/26 14:22:46.006, 3, 330 MHz, 30.28 W, 0 %, 48
2026/09/26 14:22:47.094, 0, 180 MHz, 12.91 W, 0 %, 56
2026/09/26 14:22:47.120, 1, 180 MHz, 16.97 W, 0 %, 39
2026/09/26 14:22:47.144, 2, 180 MHz, 11.61 W, 0 %, 44
2026/09/26 14:22:47.169, 3, 330 MHz, 30.03 W, 0 %, 48
2026/09/26 14:22:48.252, 0, 180 MHz, 12.83 W, 0 %, 56
2026/09/26 14:22:48.277, 1, 180 MHz, 17.10 W, 0 %, 38
2026/09/26 14:22:48.302, 2, 180 MHz, 11.73 W, 0 %, 44
2026/09/26 14:22:48.330, 3, 330 MHz, 29.73 W, 0 %, 48
2026/09/26 14:22:49.422, 0, 180 MHz, 12.60 W, 0 %, 55
2026/09/26 14:22:49.447, 1, 180 MHz, 17.74 W, 0 %, 38
2026/09/26 14:22:49.470, 2, 180 MHz, 11.77 W, 0 %, 44
2026/09/26 14:22:49.492, 3, 330 MHz, 29.29 W, 0 %, 47
2026/09/26 14:22:50.571, 0, 180 MHz, 30.11 W, 95 %, 59
2026/09/26 14:22:50.597, 1, 2775 MHz, 81.06 W, 88 %, 38
2026/09/26 14:22:50.622, 2, 2010 MHz, 70.76 W, 88 %, 44
2026/09/26 14:22:50.652, 3, 2602 MHz, 103.19 W, 88 %, 54
2026/09/26 14:22:51.732, 0, 2235 MHz, 270.73 W, 99 %, 62
2026/09/26 14:22:51.758, 1, 2460 MHz, 300.93 W, 99 %, 45
2026/09/26 14:22:51.781, 2, 2220 MHz, 270.90 W, 99 %, 50
2026/09/26 14:22:51.805, 3, 2145 MHz, 300.49 W, 99 %, 54
2026/09/26 14:22:52.885, 0, 2235 MHz, 271.88 W, 99 %, 64
2026/09/26 14:22:52.912, 1, 2452 MHz, 300.00 W, 99 %, 46
2026/09/26 14:22:52.946, 2, 2220 MHz, 270.33 W, 99 %, 51
2026/09/26 14:22:52.971, 3, 2152 MHz, 300.00 W, 99 %, 55
2026/09/26 14:22:54.062, 0, 2242 MHz, 272.67 W, 99 %, 65
2026/09/26 14:22:54.085, 1, 2460 MHz, 299.99 W, 99 %, 46
2026/09/26 14:22:54.108, 2, 2227 MHz, 270.23 W, 99 %, 51
2026/09/26 14:22:54.134, 3, 2145 MHz, 299.97 W, 99 %, 55
2026/09/26 14:22:55.285, 0, 2242 MHz, 273.33 W, 99 %, 65
2026/09/26 14:22:55.336, 1, 2445 MHz, 299.99 W, 99 %, 46
2026/09/26 14:22:55.362, 2, 2220 MHz, 271.21 W, 99 %, 52
2026/09/26 14:22:55.387, 3, 2115 MHz, 300.01 W, 99 %, 55
2026/09/26 14:22:56.471, 0, 2242 MHz, 274.71 W, 99 %, 66
2026/09/26 14:22:56.495, 1, 2437 MHz, 299.97 W, 99 %, 47
2026/09/26 14:22:56.519, 2, 2220 MHz, 272.38 W, 99 %, 53
2026/09/26 14:22:56.541, 3, 2115 MHz, 299.98 W, 99 %, 56
2026/09/26 14:22:57.622, 0, 2242 MHz, 275.23 W, 99 %, 66
2026/09/26 14:22:57.647, 1, 2437 MHz, 299.96 W, 99 %, 47
2026/09/26 14:22:57.665, 2, 2220 MHz, 272.64 W, 99 %, 53
2026/09/26 14:22:57.685, 3, 2107 MHz, 299.99 W, 99 %, 56
2026/09/26 14:22:58.760, 0, 2242 MHz, 276.07 W, 99 %, 67
2026/09/26 14:22:58.786, 1, 2430 MHz, 300.02 W, 99 %, 47
2026/09/26 14:22:58.808, 2, 2220 MHz, 273.77 W, 99 %, 54
2026/09/26 14:22:58.831, 3, 2107 MHz, 299.96 W, 99 %, 56
2026/09/26 14:22:59.909, 0, 2302 MHz, 148.13 W, 0 %, 62
2026/09/26 14:22:59.929, 1, 2872 MHz, 146.85 W, 0 %, 43
2026/09/26 14:22:59.945, 2, 2310 MHz, 115.31 W, 0 %, 50
2026/09/26 14:22:59.963, 3, 3000 MHz, 170.59 W, 0 %, 52
2026/09/26 14:23:01.027, 0, 2302 MHz, 112.69 W, 0 %, 62
2026/09/26 14:23:01.045, 1, 2872 MHz, 112.71 W, 0 %, 43
2026/09/26 14:23:01.060, 2, 2310 MHz, 78.21 W, 0 %, 50
2026/09/26 14:23:01.074, 3, 2737 MHz, 121.07 W, 0 %, 52
2026/09/26 14:23:02.154, 0, 2242 MHz, 160.29 W, 99 %, 67
2026/09/26 14:23:02.176, 1, 2422 MHz, 303.66 W, 99 %, 47
2026/09/26 14:23:02.198, 2, 2220 MHz, 274.97 W, 99 %, 54
2026/09/26 14:23:02.223, 3, 2107 MHz, 317.85 W, 99 %, 56
2026/09/26 14:23:03.310, 0, 2242 MHz, 276.30 W, 99 %, 67
2026/09/26 14:23:03.333, 1, 2437 MHz, 299.99 W, 99 %, 47
2026/09/26 14:23:03.355, 2, 2227 MHz, 273.01 W, 99 %, 55
2026/09/26 14:23:03.378, 3, 2122 MHz, 300.05 W, 99 %, 56
2026/09/26 14:23:04.456, 0, 2242 MHz, 275.94 W, 99 %, 68
2026/09/26 14:23:04.479, 1, 2437 MHz, 299.99 W, 99 %, 48
2026/09/26 14:23:04.502, 2, 2227 MHz, 272.64 W, 99 %, 55
2026/09/26 14:23:04.525, 3, 2115 MHz, 300.03 W, 99 %, 56
2026/09/26 14:23:05.605, 0, 2242 MHz, 276.98 W, 99 %, 69
2026/09/26 14:23:05.629, 1, 2437 MHz, 299.98 W, 99 %, 48
2026/09/26 14:23:05.653, 2, 2227 MHz, 273.63 W, 99 %, 56
2026/09/26 14:23:05.671, 3, 2122 MHz, 300.00 W, 99 %, 57
2026/09/26 14:23:06.747, 0, 2242 MHz, 277.46 W, 99 %, 69
2026/09/26 14:23:06.769, 1, 2430 MHz, 300.01 W, 99 %, 48
2026/09/26 14:23:06.796, 2, 2227 MHz, 274.33 W, 99 %, 56
2026/09/26 14:23:06.821, 3, 2107 MHz, 299.99 W, 99 %, 57
2026/09/26 14:23:07.898, 0, 2235 MHz, 278.01 W, 99 %, 70
2026/09/26 14:23:07.921, 1, 2430 MHz, 299.98 W, 99 %, 48
2026/09/26 14:23:07.942, 2, 2227 MHz, 275.04 W, 99 %, 56
2026/09/26 14:23:07.965, 3, 2092 MHz, 299.98 W, 99 %, 57
2026/09/26 14:23:09.042, 0, 2242 MHz, 278.65 W, 99 %, 70
2026/09/26 14:23:09.067, 1, 2430 MHz, 300.01 W, 99 %, 49
2026/09/26 14:23:09.086, 2, 2227 MHz, 275.33 W, 99 %, 57
2026/09/26 14:23:09.113, 3, 2100 MHz, 300.00 W, 99 %, 57
2026/09/26 14:23:10.193, 0, 2242 MHz, 279.52 W, 99 %, 70
2026/09/26 14:23:10.217, 1, 2430 MHz, 300.05 W, 99 %, 49
2026/09/26 14:23:10.236, 2, 2227 MHz, 275.69 W, 99 %, 57
2026/09/26 14:23:10.262, 3, 2107 MHz, 299.98 W, 99 %, 57
2026/09/26 14:23:11.342, 0, 2242 MHz, 279.65 W, 99 %, 71
2026/09/26 14:23:11.364, 1, 2422 MHz, 299.99 W, 99 %, 49
2026/09/26 14:23:11.388, 2, 2227 MHz, 275.98 W, 99 %, 58
2026/09/26 14:23:11.408, 3, 2092 MHz, 300.01 W, 99 %, 58
2026/09/26 14:23:12.477, 0, 2242 MHz, 281.34 W, 99 %, 71
2026/09/26 14:23:12.497, 1, 2415 MHz, 300.00 W, 99 %, 49
2026/09/26 14:23:12.515, 2, 2227 MHz, 277.29 W, 99 %, 58
2026/09/26 14:23:12.536, 3, 2077 MHz, 300.03 W, 99 %, 58
2026/09/26 14:23:13.617, 0, 2242 MHz, 281.78 W, 99 %, 71
2026/09/26 14:23:13.643, 1, 2415 MHz, 299.98 W, 99 %, 49
2026/09/26 14:23:13.667, 2, 2227 MHz, 277.68 W, 99 %, 59
2026/09/26 14:23:13.690, 3, 2077 MHz, 299.98 W, 99 %, 58
2026/09/26 14:23:14.770, 0, 2242 MHz, 282.04 W, 99 %, 72
2026/09/26 14:23:14.796, 1, 2400 MHz, 299.99 W, 99 %, 49
2026/09/26 14:23:14.825, 2, 2227 MHz, 278.15 W, 99 %, 59
2026/09/26 14:23:14.847, 3, 2070 MHz, 300.01 W, 99 %, 58
2026/09/26 14:23:15.925, 0, 2242 MHz, 282.36 W, 99 %, 72
2026/09/26 14:23:15.946, 1, 2407 MHz, 299.99 W, 99 %, 50
2026/09/26 14:23:15.964, 2, 2227 MHz, 278.14 W, 99 %, 59
2026/09/26 14:23:15.982, 3, 2077 MHz, 299.95 W, 99 %, 58
2026/09/26 14:23:17.058, 0, 2235 MHz, 282.84 W, 99 %, 72
2026/09/26 14:23:17.098, 1, 2407 MHz, 299.98 W, 99 %, 50
2026/09/26 14:23:17.127, 2, 2227 MHz, 278.30 W, 99 %, 59
2026/09/26 14:23:17.159, 3, 2070 MHz, 299.97 W, 99 %, 58
2026/09/26 14:23:18.257, 0, 2242 MHz, 282.95 W, 99 %, 73
2026/09/26 14:23:18.281, 1, 2407 MHz, 299.99 W, 99 %, 50
2026/09/26 14:23:18.300, 2, 2235 MHz, 278.04 W, 99 %, 60
2026/09/26 14:23:18.329, 3, 2062 MHz, 300.05 W, 99 %, 58
2026/09/26 14:23:19.408, 0, 2235 MHz, 283.66 W, 99 %, 73
2026/09/26 14:23:19.434, 1, 2407 MHz, 300.03 W, 99 %, 50
2026/09/26 14:23:19.456, 2, 2227 MHz, 278.64 W, 99 %, 60
2026/09/26 14:23:19.478, 3, 2070 MHz, 300.00 W, 99 %, 59
2026/09/26 14:23:20.557, 0, 2235 MHz, 284.14 W, 99 %, 73
2026/09/26 14:23:20.581, 1, 2407 MHz, 299.96 W, 99 %, 50
2026/09/26 14:23:20.604, 2, 2235 MHz, 279.17 W, 99 %, 60
2026/09/26 14:23:20.625, 3, 2070 MHz, 299.98 W, 99 %, 59
2026/09/26 14:23:21.702, 0, 2235 MHz, 284.20 W, 99 %, 73
2026/09/26 14:23:21.724, 1, 2407 MHz, 300.01 W, 99 %, 50
2026/09/26 14:23:21.744, 2, 2235 MHz, 279.04 W, 99 %, 61
2026/09/26 14:23:21.771, 3, 2070 MHz, 299.98 W, 99 %, 59
2026/09/26 14:23:22.854, 0, 2235 MHz, 284.75 W, 99 %, 74
2026/09/26 14:23:22.877, 1, 2407 MHz, 299.98 W, 99 %, 51
2026/09/26 14:23:22.901, 2, 2235 MHz, 279.29 W, 99 %, 61
2026/09/26 14:23:22.919, 3, 2062 MHz, 300.02 W, 99 %, 59
2026/09/26 14:23:23.995, 0, 2235 MHz, 285.05 W, 99 %, 74
2026/09/26 14:23:24.018, 1, 2400 MHz, 299.99 W, 99 %, 51
2026/09/26 14:23:24.036, 2, 2235 MHz, 279.45 W, 99 %, 61
2026/09/26 14:23:24.059, 3, 2062 MHz, 299.97 W, 99 %, 59
2026/09/26 14:23:25.143, 0, 2242 MHz, 285.25 W, 99 %, 74
2026/09/26 14:23:25.166, 1, 2407 MHz, 299.98 W, 99 %, 51
2026/09/26 14:23:25.184, 2, 2235 MHz, 279.76 W, 99 %, 61
2026/09/26 14:23:25.207, 3, 2062 MHz, 300.00 W, 99 %, 59
2026/09/26 14:23:26.290, 0, 2242 MHz, 285.16 W, 99 %, 75
2026/09/26 14:23:26.311, 1, 2407 MHz, 299.98 W, 99 %, 51
2026/09/26 14:23:26.328, 2, 2235 MHz, 279.61 W, 99 %, 61
2026/09/26 14:23:26.347, 3, 2055 MHz, 300.01 W, 99 %, 59
2026/09/26 14:23:27.415, 0, 2317 MHz, 153.98 W, 0 %, 70
2026/09/26 14:23:27.434, 1, 2857 MHz, 171.51 W, 0 %, 47
2026/09/26 14:23:27.448, 2, 2317 MHz, 129.76 W, 0 %, 58
2026/09/26 14:23:27.469, 3, 2992 MHz, 184.42 W, 0 %, 56
2026/09/26 14:23:28.528, 0, 2317 MHz, 95.21 W, 0 %, 70
2026/09/26 14:23:28.547, 1, 2857 MHz, 122.01 W, 0 %, 46
2026/09/26 14:23:28.561, 2, 2317 MHz, 107.16 W, 0 %, 57
2026/09/26 14:23:28.576, 3, 2992 MHz, 153.38 W, 0 %, 55
2026/09/26 14:23:29.641, 0, 2310 MHz, 88.62 W, 0 %, 69
2026/09/26 14:23:29.662, 1, 2610 MHz, 102.33 W, 0 %, 46
2026/09/26 14:23:29.680, 2, 2272 MHz, 79.52 W, 0 %, 56
2026/09/26 14:23:29.695, 3, 2610 MHz, 112.83 W, 0 %, 54
2026/09/26 14:23:30.755, 0, 2272 MHz, 86.85 W, 0 %, 68
2026/09/26 14:23:30.774, 1, 2610 MHz, 91.09 W, 0 %, 45
2026/09/26 14:23:30.788, 2, 2272 MHz, 79.30 W, 0 %, 55
2026/09/26 14:23:30.802, 3, 2610 MHz, 101.86 W, 0 %, 53
2026/09/26 14:23:31.863, 0, 2272 MHz, 86.52 W, 0 %, 68
2026/09/26 14:23:31.887, 1, 2610 MHz, 91.08 W, 0 %, 45
2026/09/26 14:23:31.904, 2, 2272 MHz, 79.24 W, 0 %, 55
2026/09/26 14:23:31.921, 3, 2610 MHz, 101.88 W, 0 %, 53
2026/09/26 14:23:32.983, 0, 2272 MHz, 85.62 W, 0 %, 67
2026/09/26 14:23:33.002, 1, 2610 MHz, 90.75 W, 0 %, 45
2026/09/26 14:23:33.018, 2, 2272 MHz, 79.14 W, 0 %, 55
2026/09/26 14:23:33.036, 3, 2610 MHz, 101.88 W, 0 %, 53
2026/09/26 14:23:34.101, 0, 2272 MHz, 84.65 W, 0 %, 67
2026/09/26 14:23:34.120, 1, 2610 MHz, 90.22 W, 0 %, 44
2026/09/26 14:23:34.137, 2, 2272 MHz, 79.06 W, 0 %, 54
2026/09/26 14:23:34.153, 3, 2610 MHz, 101.61 W, 0 %, 53
2026/09/26 14:23:35.217, 0, 2272 MHz, 84.43 W, 0 %, 66
2026/09/26 14:23:35.238, 1, 2610 MHz, 90.35 W, 0 %, 44
2026/09/26 14:23:35.253, 2, 2272 MHz, 78.97 W, 0 %, 54
2026/09/26 14:23:35.273, 3, 2610 MHz, 101.22 W, 0 %, 53
2026/09/26 14:23:36.337, 0, 2272 MHz, 83.62 W, 0 %, 66
2026/09/26 14:23:36.360, 1, 2610 MHz, 90.35 W, 0 %, 44
2026/09/26 14:23:36.383, 2, 2272 MHz, 78.92 W, 0 %, 54
2026/09/26 14:23:36.398, 3, 2610 MHz, 101.04 W, 0 %, 53
2026/09/26 14:23:37.460, 0, 2272 MHz, 83.60 W, 0 %, 66
2026/09/26 14:23:37.479, 1, 2610 MHz, 90.37 W, 0 %, 44
2026/09/26 14:23:37.495, 2, 2272 MHz, 78.63 W, 0 %, 53
2026/09/26 14:23:37.510, 3, 2610 MHz, 100.81 W, 0 %, 53
2026/09/26 14:23:38.581, 0, 2272 MHz, 83.09 W, 0 %, 65
2026/09/26 14:23:38.603, 1, 2610 MHz, 90.18 W, 0 %, 44
2026/09/26 14:23:38.621, 2, 2272 MHz, 78.46 W, 0 %, 53
2026/09/26 14:23:38.637, 3, 2610 MHz, 100.61 W, 0 %, 52
2026/09/26 14:23:39.708, 0, 2272 MHz, 82.46 W, 0 %, 65
2026/09/26 14:23:39.729, 1, 2610 MHz, 89.72 W, 0 %, 44
2026/09/26 14:23:39.746, 2, 2272 MHz, 78.41 W, 0 %, 53
2026/09/26 14:23:39.766, 3, 2610 MHz, 100.56 W, 0 %, 52
2026/09/26 14:23:40.837, 0, 2272 MHz, 81.63 W, 0 %, 65
2026/09/26 14:23:40.855, 1, 2610 MHz, 89.78 W, 0 %, 44
2026/09/26 14:23:40.870, 2, 2272 MHz, 78.21 W, 0 %, 52
2026/09/26 14:23:40.885, 3, 2610 MHz, 100.42 W, 0 %, 52
2026/09/26 14:23:41.960, 0, 2272 MHz, 81.33 W, 0 %, 64
2026/09/26 14:23:41.981, 1, 2610 MHz, 89.66 W, 0 %, 43
2026/09/26 14:23:41.997, 2, 2272 MHz, 78.25 W, 0 %, 52
2026/09/26 14:23:42.013, 3, 2610 MHz, 100.33 W, 0 %, 52
2026/09/26 14:23:43.103, 0, 2272 MHz, 80.94 W, 0 %, 64
2026/09/26 14:23:43.127, 1, 2610 MHz, 89.86 W, 0 %, 43
2026/09/26 14:23:43.158, 2, 2272 MHz, 78.18 W, 0 %, 52
2026/09/26 14:23:43.194, 3, 2610 MHz, 100.42 W, 0 %, 52
2026/09/26 14:23:44.275, 0, 1882 MHz, 76.39 W, 0 %, 63
2026/09/26 14:23:44.300, 1, 457 MHz, 69.93 W, 0 %, 42
2026/09/26 14:23:44.316, 2, 420 MHz, 57.73 W, 0 %, 51
2026/09/26 14:23:44.338, 3, 2295 MHz, 98.72 W, 0 %, 51
2026/09/26 14:23:45.411, 0, 307 MHz, 30.94 W, 0 %, 62
2026/09/26 14:23:45.437, 1, 292 MHz, 64.01 W, 0 %, 42
2026/09/26 14:23:45.454, 2, 262 MHz, 26.97 W, 0 %, 51
2026/09/26 14:23:45.475, 3, 352 MHz, 85.15 W, 0 %, 51
2026/09/26 14:23:46.558, 0, 180 MHz, 26.60 W, 0 %, 62
2026/09/26 14:23:46.585, 1, 180 MHz, 57.04 W, 0 %, 42
2026/09/26 14:23:46.610, 2, 180 MHz, 13.89 W, 0 %, 50
2026/09/26 14:23:46.632, 3, 337 MHz, 49.79 W, 0 %, 50
2026/09/26 14:23:47.709, 0, 180 MHz, 18.39 W, 0 %, 61
2026/09/26 14:23:47.735, 1, 180 MHz, 18.50 W, 0 %, 41
2026/09/26 14:23:47.758, 2, 180 MHz, 13.51 W, 0 %, 49
2026/09/26 14:23:47.782, 3, 330 MHz, 36.14 W, 0 %, 50
2026/09/26 14:23:48.862, 0, 180 MHz, 13.92 W, 0 %, 61
2026/09/26 14:23:48.888, 1, 180 MHz, 20.08 W, 0 %, 41
2026/09/26 14:23:48.910, 2, 180 MHz, 14.00 W, 0 %, 49
2026/09/26 14:23:48.931, 3, 330 MHz, 31.36 W, 0 %, 50
2026/09/26 14:23:50.020, 0, 180 MHz, 13.79 W, 0 %, 60
2026/09/26 14:23:50.043, 1, 180 MHz, 19.98 W, 0 %, 41
2026/09/26 14:23:50.064, 2, 180 MHz, 13.80 W, 0 %, 49
2026/09/26 14:23:50.086, 3, 330 MHz, 31.31 W, 0 %, 49
2026/09/26 14:23:51.167, 0, 180 MHz, 13.69 W, 0 %, 60
2026/09/26 14:23:51.189, 1, 180 MHz, 20.10 W, 0 %, 41
2026/09/26 14:23:51.210, 2, 180 MHz, 13.08 W, 0 %, 48
2026/09/26 14:23:51.237, 3, 330 MHz, 31.04 W, 0 %, 49
2026/09/26 14:23:52.316, 0, 180 MHz, 13.67 W, 0 %, 60
2026/09/26 14:23:52.342, 1, 180 MHz, 19.93 W, 0 %, 41
2026/09/26 14:23:52.365, 2, 180 MHz, 12.97 W, 0 %, 48
2026/09/26 14:23:52.393, 3, 330 MHz, 30.94 W, 0 %, 49
2026/09/26 14:23:53.484, 0, 180 MHz, 13.97 W, 0 %, 60
2026/09/26 14:23:53.508, 1, 180 MHz, 18.51 W, 0 %, 40
2026/09/26 14:23:53.531, 2, 180 MHz, 13.10 W, 0 %, 48
2026/09/26 14:23:53.553, 3, 330 MHz, 31.54 W, 0 %, 49
2026/09/26 14:23:54.635, 0, 180 MHz, 14.72 W, 0 %, 59
2026/09/26 14:23:54.660, 1, 180 MHz, 17.62 W, 0 %, 40
2026/09/26 14:23:54.689, 2, 180 MHz, 12.72 W, 0 %, 47
2026/09/26 14:23:54.711, 3, 330 MHz, 30.78 W, 0 %, 49
2026/09/26 14:23:55.795, 0, 180 MHz, 14.48 W, 0 %, 59
2026/09/26 14:23:55.821, 1, 180 MHz, 17.86 W, 0 %, 40
2026/09/26 14:23:55.843, 2, 180 MHz, 13.02 W, 0 %, 47
2026/09/26 14:23:55.864, 3, 330 MHz, 30.84 W, 0 %, 48
2026/09/26 14:23:56.948, 0, 180 MHz, 14.19 W, 0 %, 59
2026/09/26 14:23:56.969, 1, 180 MHz, 18.02 W, 0 %, 40
2026/09/26 14:23:56.990, 2, 180 MHz, 13.03 W, 0 %, 47
2026/09/26 14:23:57.017, 3, 330 MHz, 31.39 W, 0 %, 48
2026/09/26 14:23:58.099, 0, 180 MHz, 13.52 W, 0 %, 58
2026/09/26 14:23:58.124, 1, 180 MHz, 17.72 W, 0 %, 40
2026/09/26 14:23:58.145, 2, 180 MHz, 12.95 W, 0 %, 47
2026/09/26 14:23:58.166, 3, 330 MHz, 30.72 W, 0 %, 48
2026/09/26 14:23:59.247, 0, 180 MHz, 13.69 W, 0 %, 58
2026/09/26 14:23:59.270, 1, 180 MHz, 17.71 W, 0 %, 40
2026/09/26 14:23:59.291, 2, 180 MHz, 12.57 W, 0 %, 47
2026/09/26 14:23:59.316, 3, 330 MHz, 30.56 W, 0 %, 48
2026/09/26 14:24:00.404, 0, 180 MHz, 13.65 W, 0 %, 58
2026/09/26 14:24:00.427, 1, 180 MHz, 17.67 W, 0 %, 40
2026/09/26 14:24:00.456, 2, 180 MHz, 12.61 W, 0 %, 46
2026/09/26 14:24:00.491, 3, 330 MHz, 30.35 W, 0 %, 48
2026/09/26 14:24:01.584, 0, 180 MHz, 13.87 W, 0 %, 58
2026/09/26 14:24:01.607, 1, 180 MHz, 17.30 W, 0 %, 39
2026/09/26 14:24:01.631, 2, 180 MHz, 12.33 W, 0 %, 46
2026/09/26 14:24:01.656, 3, 330 MHz, 29.68 W, 0 %, 47
2026/09/26 14:24:02.749, 0, 180 MHz, 13.38 W, 0 %, 58
2026/09/26 14:24:02.771, 1, 180 MHz, 17.51 W, 0 %, 39
2026/09/26 14:24:02.795, 2, 180 MHz, 12.78 W, 0 %, 46
2026/09/26 14:24:02.818, 3, 330 MHz, 29.76 W, 0 %, 47
2026/09/26 14:24:03.925, 0, 180 MHz, 13.54 W, 0 %, 57
2026/09/26 14:24:03.953, 1, 180 MHz, 17.82 W, 0 %, 39
2026/09/26 14:24:03.977, 2, 180 MHz, 12.51 W, 0 %, 45
2026/09/26 14:24:04.002, 3, 330 MHz, 29.83 W, 0 %, 47
2026/09/26 14:24:05.116, 0, 180 MHz, 13.33 W, 0 %, 57
2026/09/26 14:24:05.148, 1, 180 MHz, 17.82 W, 0 %, 39
2026/09/26 14:24:05.179, 2, 180 MHz, 12.38 W, 0 %, 45
2026/09/26 14:24:05.221, 3, 330 MHz, 29.39 W, 0 %, 47
2026/09/26 14:24:06.334, 0, 180 MHz, 13.71 W, 0 %, 57
2026/09/26 14:24:06.355, 1, 180 MHz, 18.00 W, 0 %, 39
2026/09/26 14:24:06.380, 2, 180 MHz, 12.51 W, 0 %, 45
2026/09/26 14:24:06.401, 3, 330 MHz, 29.47 W, 0 %, 47
2026/09/26 14:24:07.480, 0, 180 MHz, 13.27 W, 0 %, 57
2026/09/26 14:24:07.502, 1, 180 MHz, 17.69 W, 0 %, 39
2026/09/26 14:24:07.523, 2, 180 MHz, 12.40 W, 0 %, 45
2026/09/26 14:24:07.545, 3, 330 MHz, 29.43 W, 0 %, 47
2026/09/26 14:24:08.625, 0, 180 MHz, 12.82 W, 0 %, 56
2026/09/26 14:24:08.647, 1, 180 MHz, 17.69 W, 0 %, 39
2026/09/26 14:24:08.669, 2, 180 MHz, 12.28 W, 0 %, 45
2026/09/26 14:24:08.693, 3, 330 MHz, 28.29 W, 0 %, 47
2026/09/26 14:24:09.778, 0, 180 MHz, 12.68 W, 0 %, 56
2026/09/26 14:24:09.803, 1, 180 MHz, 17.75 W, 0 %, 38
2026/09/26 14:24:09.830, 2, 180 MHz, 11.96 W, 0 %, 44
2026/09/26 14:24:09.852, 3, 330 MHz, 28.79 W, 0 %, 46
2026/09/26 14:24:10.946, 0, 180 MHz, 12.55 W, 0 %, 56
2026/09/26 14:24:10.969, 1, 180 MHz, 17.58 W, 0 %, 38
2026/09/26 14:24:10.990, 2, 180 MHz, 12.20 W, 0 %, 44
2026/09/26 14:24:11.011, 3, 330 MHz, 28.59 W, 0 %, 46
2026/09/26 14:24:12.092, 0, 180 MHz, 12.50 W, 0 %, 56
2026/09/26 14:24:12.114, 1, 180 MHz, 17.47 W, 0 %, 38
2026/09/26 14:24:12.135, 2, 180 MHz, 11.90 W, 0 %, 44
2026/09/26 14:24:12.156, 3, 330 MHz, 28.67 W, 0 %, 46
2026/09/26 14:24:13.235, 0, 180 MHz, 12.25 W, 0 %, 55
2026/09/26 14:24:13.257, 1, 180 MHz, 17.51 W, 0 %, 38
2026/09/26 14:24:13.278, 2, 180 MHz, 12.03 W, 0 %, 44
2026/09/26 14:24:13.299, 3, 330 MHz, 28.04 W, 0 %, 46
2026/09/26 14:24:14.380, 0, 180 MHz, 12.12 W, 0 %, 55
2026/09/26 14:24:14.409, 1, 180 MHz, 17.57 W, 0 %, 38
2026/09/26 14:24:14.439, 2, 180 MHz, 12.01 W, 0 %, 44
2026/09/26 14:24:14.469, 3, 330 MHz, 29.06 W, 0 %, 46
2026/09/26 14:24:15.564, 0, 2115 MHz, 104.29 W, 0 %, 58
2026/09/26 14:24:15.589, 1, 2805 MHz, 149.60 W, 100 %, 45
2026/09/26 14:24:15.607, 2, 2235 MHz, 223.56 W, 100 %, 49
2026/09/26 14:24:15.625, 3, 2640 MHz, 292.93 W, 100 %, 54
2026/09/26 14:24:16.697, 0, 2235 MHz, 242.93 W, 99 %, 63
2026/09/26 14:24:16.722, 1, 2422 MHz, 303.11 W, 99 %, 45
2026/09/26 14:24:16.746, 2, 2220 MHz, 272.80 W, 99 %, 50
2026/09/26 14:24:16.770, 3, 2137 MHz, 300.52 W, 99 %, 53
2026/09/26 14:24:17.850, 0, 2235 MHz, 274.01 W, 99 %, 64
2026/09/26 14:24:17.874, 1, 2430 MHz, 300.00 W, 99 %, 46
2026/09/26 14:24:17.893, 2, 2227 MHz, 272.91 W, 99 %, 51
2026/09/26 14:24:17.923, 3, 2145 MHz, 300.01 W, 99 %, 53
2026/09/26 14:24:19.004, 0, 2242 MHz, 274.35 W, 99 %, 65
2026/09/26 14:24:19.027, 1, 2437 MHz, 300.02 W, 99 %, 46
2026/09/26 14:24:19.052, 2, 2227 MHz, 272.52 W, 99 %, 51
2026/09/26 14:24:19.074, 3, 2152 MHz, 300.00 W, 99 %, 54
2026/09/26 14:24:20.155, 0, 2242 MHz, 275.34 W, 99 %, 65
2026/09/26 14:24:20.180, 1, 2430 MHz, 300.00 W, 99 %, 46
2026/09/26 14:24:20.202, 2, 2220 MHz, 273.26 W, 99 %, 53
2026/09/26 14:24:20.225, 3, 2130 MHz, 300.00 W, 99 %, 54
2026/09/26 14:24:21.305, 0, 2242 MHz, 275.63 W, 99 %, 66
2026/09/26 14:24:21.326, 1, 2430 MHz, 299.97 W, 99 %, 46
2026/09/26 14:24:21.347, 2, 2220 MHz, 273.48 W, 99 %, 53
2026/09/26 14:24:21.371, 3, 2130 MHz, 300.00 W, 99 %, 54
2026/09/26 14:24:22.450, 0, 2242 MHz, 276.90 W, 99 %, 67
2026/09/26 14:24:22.472, 1, 2415 MHz, 300.05 W, 99 %, 47
2026/09/26 14:24:22.491, 2, 2227 MHz, 274.28 W, 99 %, 53
2026/09/26 14:24:22.510, 3, 2122 MHz, 300.01 W, 99 %, 54
2026/09/26 14:24:23.593, 0, 2310 MHz, 203.95 W, 0 %, 62
2026/09/26 14:24:23.613, 1, 2872 MHz, 175.25 W, 0 %, 43
2026/09/26 14:24:23.632, 2, 2310 MHz, 145.73 W, 0 %, 50
2026/09/26 14:24:23.654, 3, 3000 MHz, 194.63 W, 0 %, 50
2026/09/26 14:24:24.721, 0, 2302 MHz, 103.60 W, 0 %, 62
2026/09/26 14:24:24.740, 1, 2872 MHz, 119.93 W, 0 %, 42
2026/09/26 14:24:24.754, 2, 2310 MHz, 86.83 W, 0 %, 49
2026/09/26 14:24:24.769, 3, 3000 MHz, 146.20 W, 0 %, 50
2026/09/26 14:24:25.832, 0, 1995 MHz, 130.93 W, 100 %, 67
2026/09/26 14:24:25.857, 1, 2145 MHz, 205.15 W, 100 %, 48
2026/09/26 14:24:25.881, 2, 2002 MHz, 251.00 W, 100 %, 54
2026/09/26 14:24:25.903, 3, 1672 MHz, 307.76 W, 100 %, 55
2026/09/26 14:24:26.972, 0, 2242 MHz, 273.66 W, 99 %, 67
2026/09/26 14:24:26.994, 1, 2415 MHz, 301.72 W, 99 %, 47
2026/09/26 14:24:27.015, 2, 2220 MHz, 273.52 W, 99 %, 54
2026/09/26 14:24:27.037, 3, 2122 MHz, 300.19 W, 99 %, 55
2026/09/26 14:24:28.115, 0, 2242 MHz, 278.02 W, 99 %, 68
2026/09/26 14:24:28.136, 1, 2430 MHz, 300.02 W, 99 %, 47
2026/09/26 14:24:28.154, 2, 2227 MHz, 274.55 W, 99 %, 55
2026/09/26 14:24:28.175, 3, 2130 MHz, 300.01 W, 99 %, 55
2026/09/26 14:24:29.257, 0, 2242 MHz, 277.79 W, 99 %, 68
2026/09/26 14:24:29.281, 1, 2422 MHz, 300.02 W, 99 %, 47
2026/09/26 14:24:29.300, 2, 2227 MHz, 275.20 W, 99 %, 55
2026/09/26 14:24:29.319, 3, 2122 MHz, 299.98 W, 99 %, 55
2026/09/26 14:24:30.400, 0, 2242 MHz, 278.94 W, 99 %, 69
2026/09/26 14:24:30.425, 1, 2415 MHz, 299.97 W, 99 %, 48
2026/09/26 14:24:30.450, 2, 2227 MHz, 275.38 W, 99 %, 55
2026/09/26 14:24:30.474, 3, 2107 MHz, 299.98 W, 99 %, 56
2026/09/26 14:24:31.611, 0, 2242 MHz, 278.94 W, 99 %, 69
2026/09/26 14:24:31.632, 1, 2415 MHz, 299.97 W, 99 %, 48
2026/09/26 14:24:31.657, 2, 2235 MHz, 275.48 W, 99 %, 56
2026/09/26 14:24:31.685, 3, 2107 MHz, 299.97 W, 99 %, 56
2026/09/26 14:24:32.773, 0, 2242 MHz, 279.55 W, 99 %, 70
2026/09/26 14:24:32.794, 1, 2415 MHz, 299.96 W, 99 %, 48
2026/09/26 14:24:32.813, 2, 2227 MHz, 275.99 W, 99 %, 57
2026/09/26 14:24:32.831, 3, 2100 MHz, 300.00 W, 99 %, 56
2026/09/26 14:24:33.908, 0, 2242 MHz, 280.11 W, 99 %, 70
2026/09/26 14:24:33.928, 1, 2422 MHz, 299.97 W, 99 %, 48
2026/09/26 14:24:33.949, 2, 2227 MHz, 276.12 W, 99 %, 57
2026/09/26 14:24:33.976, 3, 2107 MHz, 300.01 W, 99 %, 56
2026/09/26 14:24:35.063, 0, 2242 MHz, 280.36 W, 99 %, 70
2026/09/26 14:24:35.084, 1, 2415 MHz, 299.97 W, 99 %, 48
2026/09/26 14:24:35.103, 2, 2227 MHz, 276.72 W, 99 %, 57
2026/09/26 14:24:35.120, 3, 2092 MHz, 299.99 W, 99 %, 56
2026/09/26 14:24:36.192, 0, 2242 MHz, 280.56 W, 99 %, 70
2026/09/26 14:24:36.214, 1, 2415 MHz, 299.98 W, 99 %, 49
2026/09/26 14:24:36.231, 2, 2227 MHz, 277.20 W, 99 %, 58
2026/09/26 14:24:36.249, 3, 2092 MHz, 300.01 W, 99 %, 57
2026/09/26 14:24:37.320, 0, 2242 MHz, 281.36 W, 99 %, 71
2026/09/26 14:24:37.344, 1, 2415 MHz, 299.98 W, 99 %, 49
2026/09/26 14:24:37.365, 2, 2227 MHz, 277.47 W, 99 %, 58
2026/09/26 14:24:37.387, 3, 2092 MHz, 299.98 W, 99 %, 57
2026/09/26 14:24:38.465, 0, 2242 MHz, 281.37 W, 99 %, 72
2026/09/26 14:24:38.489, 1, 2415 MHz, 299.96 W, 99 %, 49
2026/09/26 14:24:38.514, 2, 2227 MHz, 277.70 W, 99 %, 58
2026/09/26 14:24:38.537, 3, 2085 MHz, 300.03 W, 99 %, 57
2026/09/26 14:24:39.619, 0, 2235 MHz, 281.43 W, 99 %, 72
2026/09/26 14:24:39.640, 1, 2415 MHz, 300.01 W, 99 %, 49
2026/09/26 14:24:39.659, 2, 2227 MHz, 277.61 W, 99 %, 59
2026/09/26 14:24:39.683, 3, 2092 MHz, 299.98 W, 99 %, 57
2026/09/26 14:24:40.764, 0, 2242 MHz, 282.30 W, 99 %, 72
2026/09/26 14:24:40.786, 1, 2407 MHz, 299.98 W, 99 %, 49
2026/09/26 14:24:40.804, 2, 2227 MHz, 278.27 W, 99 %, 59
2026/09/26 14:24:40.822, 3, 2085 MHz, 299.97 W, 99 %, 57
2026/09/26 14:24:41.909, 0, 2242 MHz, 282.84 W, 99 %, 73
2026/09/26 14:24:41.928, 1, 2407 MHz, 299.99 W, 99 %, 50
2026/09/26 14:24:41.952, 2, 2235 MHz, 278.37 W, 99 %, 59
2026/09/26 14:24:41.974, 3, 2085 MHz, 300.04 W, 99 %, 57
2026/09/26 14:24:43.053, 0, 2242 MHz, 282.95 W, 99 %, 73
2026/09/26 14:24:43.077, 1, 2400 MHz, 299.99 W, 99 %, 50
2026/09/26 14:24:43.103, 2, 2235 MHz, 278.55 W, 99 %, 60
2026/09/26 14:24:43.127, 3, 2077 MHz, 299.96 W, 99 %, 57
2026/09/26 14:24:44.213, 0, 2242 MHz, 283.66 W, 99 %, 73
2026/09/26 14:24:44.238, 1, 2400 MHz, 299.98 W, 99 %, 50
2026/09/26 14:24:44.261, 2, 2235 MHz, 279.21 W, 99 %, 60
2026/09/26 14:24:44.283, 3, 2070 MHz, 300.01 W, 99 %, 58
2026/09/26 14:24:45.363, 0, 2235 MHz, 283.91 W, 99 %, 73
2026/09/26 14:24:45.384, 1, 2415 MHz, 299.97 W, 99 %, 50
2026/09/26 14:24:45.402, 2, 2235 MHz, 279.19 W, 99 %, 60
2026/09/26 14:24:45.420, 3, 2085 MHz, 299.98 W, 99 %, 58
2026/09/26 14:24:46.491, 0, 2235 MHz, 284.01 W, 99 %, 74
2026/09/26 14:24:46.515, 1, 2400 MHz, 300.01 W, 99 %, 50
2026/09/26 14:24:46.540, 2, 2227 MHz, 279.21 W, 99 %, 60
2026/09/26 14:24:46.559, 3, 2070 MHz, 300.03 W, 99 %, 58
2026/09/26 14:24:47.640, 0, 2242 MHz, 284.62 W, 99 %, 74
2026/09/26 14:24:47.664, 1, 2400 MHz, 300.00 W, 99 %, 50
2026/09/26 14:24:47.685, 2, 2235 MHz, 279.41 W, 99 %, 61
2026/09/26 14:24:47.703, 3, 2062 MHz, 299.99 W, 99 %, 58
2026/09/26 14:24:48.772, 0, 2235 MHz, 285.07 W, 99 %, 74
2026/09/26 14:24:48.795, 1, 2392 MHz, 300.02 W, 99 %, 50
2026/09/26 14:24:48.817, 2, 2227 MHz, 279.76 W, 99 %, 61
2026/09/26 14:24:48.836, 3, 2062 MHz, 299.96 W, 99 %, 58
2026/09/26 14:24:49.917, 0, 2235 MHz, 285.60 W, 99 %, 74
2026/09/26 14:24:49.939, 1, 2392 MHz, 300.00 W, 99 %, 50
2026/09/26 14:24:49.957, 2, 2235 MHz, 279.74 W, 99 %, 61
2026/09/26 14:24:49.976, 3, 2062 MHz, 300.01 W, 99 %, 58
2026/09/26 14:24:51.070, 0, 2317 MHz, 126.90 W, 0 %, 69
2026/09/26 14:24:51.086, 1, 2805 MHz, 145.36 W, 0 %, 46
2026/09/26 14:24:51.103, 2, 2317 MHz, 100.13 W, 0 %, 57
2026/09/26 14:24:51.120, 3, 2992 MHz, 144.86 W, 0 %, 54
2026/09/26 14:24:52.189, 0, 2317 MHz, 123.45 W, 0 %, 69
2026/09/26 14:24:52.211, 1, 2760 MHz, 110.98 W, 0 %, 45
2026/09/26 14:24:52.227, 2, 2310 MHz, 79.71 W, 0 %, 56
2026/09/26 14:24:52.241, 3, 2992 MHz, 122.26 W, 0 %, 53
2026/09/26 14:24:53.301, 0, 2295 MHz, 88.87 W, 0 %, 68
2026/09/26 14:24:53.319, 1, 2610 MHz, 91.16 W, 0 %, 45
2026/09/26 14:24:53.334, 2, 2272 MHz, 79.54 W, 0 %, 55
2026/09/26 14:24:53.348, 3, 2610 MHz, 111.81 W, 0 %, 53
2026/09/26 14:24:54.416, 0, 2272 MHz, 86.36 W, 0 %, 67
2026/09/26 14:24:54.435, 1, 2610 MHz, 90.86 W, 0 %, 45
2026/09/26 14:24:54.450, 2, 2272 MHz, 79.17 W, 0 %, 55
2026/09/26 14:24:54.468, 3, 2610 MHz, 101.19 W, 0 %, 52
2026/09/26 14:24:55.531, 0, 2272 MHz, 85.66 W, 0 %, 67
2026/09/26 14:24:55.553, 1, 2610 MHz, 90.79 W, 0 %, 44
2026/09/26 14:24:55.571, 2, 2272 MHz, 79.10 W, 0 %, 55
2026/09/26 14:24:55.588, 3, 2610 MHz, 100.91 W, 0 %, 52
2026/09/26 14:24:56.654, 0, 2272 MHz, 85.17 W, 0 %, 66
2026/09/26 14:24:56.673, 1, 2610 MHz, 90.44 W, 0 %, 44
2026/09/26 14:24:56.688, 2, 2272 MHz, 78.89 W, 0 %, 54
2026/09/26 14:24:56.704, 3, 2610 MHz, 100.83 W, 0 %, 52
2026/09/26 14:24:57.765, 0, 2272 MHz, 84.63 W, 0 %, 66
2026/09/26 14:24:57.784, 1, 2610 MHz, 90.24 W, 0 %, 44
2026/09/26 14:24:57.800, 2, 2272 MHz, 78.78 W, 0 %, 54
2026/09/26 14:24:57.824, 3, 2610 MHz, 100.78 W, 0 %, 52
2026/09/26 14:24:58.893, 0, 2272 MHz, 84.49 W, 0 %, 66
2026/09/26 14:24:58.911, 1, 2610 MHz, 90.03 W, 0 %, 44
2026/09/26 14:24:58.926, 2, 2272 MHz, 78.58 W, 0 %, 54
2026/09/26 14:24:58.940, 3, 2610 MHz, 100.64 W, 0 %, 52
2026/09/26 14:25:00.005, 0, 2272 MHz, 83.34 W, 0 %, 66
2026/09/26 14:25:00.026, 1, 2610 MHz, 90.01 W, 0 %, 44
2026/09/26 14:25:00.046, 2, 2272 MHz, 78.39 W, 0 %, 53
2026/09/26 14:25:00.061, 3, 2610 MHz, 100.32 W, 0 %, 52
2026/09/26 14:25:01.124, 0, 2272 MHz, 82.68 W, 0 %, 65
2026/09/26 14:25:01.145, 1, 2610 MHz, 89.65 W, 0 %, 44
2026/09/26 14:25:01.162, 2, 2272 MHz, 78.29 W, 0 %, 53
2026/09/26 14:25:01.177, 3, 2610 MHz, 100.31 W, 0 %, 51
2026/09/26 14:25:02.243, 0, 2272 MHz, 82.75 W, 0 %, 65
2026/09/26 14:25:02.265, 1, 2610 MHz, 89.60 W, 0 %, 44
2026/09/26 14:25:02.284, 2, 2272 MHz, 78.16 W, 0 %, 53
2026/09/26 14:25:02.298, 3, 2610 MHz, 100.31 W, 0 %, 51
2026/09/26 14:25:03.358, 0, 2272 MHz, 82.36 W, 0 %, 65
2026/09/26 14:25:03.378, 1, 2610 MHz, 89.40 W, 0 %, 43
2026/09/26 14:25:03.398, 2, 2272 MHz, 78.18 W, 0 %, 52
2026/09/26 14:25:03.419, 3, 2610 MHz, 100.26 W, 0 %, 51
2026/09/26 14:25:04.493, 0, 2272 MHz, 80.76 W, 0 %, 64
2026/09/26 14:25:04.513, 1, 2610 MHz, 89.48 W, 0 %, 43
2026/09/26 14:25:04.530, 2, 2272 MHz, 78.11 W, 0 %, 52
2026/09/26 14:25:04.545, 3, 2610 MHz, 100.26 W, 0 %, 51
2026/09/26 14:25:05.611, 0, 2272 MHz, 80.48 W, 0 %, 64
2026/09/26 14:25:05.631, 1, 2610 MHz, 89.56 W, 0 %, 43
2026/09/26 14:25:05.647, 2, 2272 MHz, 77.91 W, 0 %, 52
2026/09/26 14:25:05.662, 3, 2610 MHz, 100.25 W, 0 %, 51
2026/09/26 14:25:06.724, 0, 2272 MHz, 80.21 W, 0 %, 64
2026/09/26 14:25:06.747, 1, 2610 MHz, 89.31 W, 0 %, 43
2026/09/26 14:25:06.768, 2, 2272 MHz, 77.74 W, 0 %, 52
2026/09/26 14:25:06.789, 3, 2610 MHz, 100.14 W, 0 %, 51
2026/09/26 14:25:07.858, 0, 390 MHz, 60.87 W, 0 %, 63
2026/09/26 14:25:07.881, 1, 2610 MHz, 89.29 W, 0 %, 43
2026/09/26 14:25:07.899, 2, 345 MHz, 39.67 W, 0 %, 51
2026/09/26 14:25:07.922, 3, 502 MHz, 86.99 W, 0 %, 50
2026/09/26 14:25:08.995, 0, 232 MHz, 32.40 W, 0 %, 62
2026/09/26 14:25:09.018, 1, 232 MHz, 57.73 W, 0 %, 42
2026/09/26 14:25:09.033, 2, 180 MHz, 13.98 W, 0 %, 50
2026/09/26 14:25:09.055, 3, 337 MHz, 57.47 W, 0 %, 50
2026/09/26 14:25:10.136, 0, 180 MHz, 18.87 W, 0 %, 61
2026/09/26 14:25:10.161, 1, 180 MHz, 55.48 W, 0 %, 42
2026/09/26 14:25:10.187, 2, 180 MHz, 13.43 W, 0 %, 49
2026/09/26 14:25:10.209, 3, 330 MHz, 36.96 W, 0 %, 49
2026/09/26 14:25:11.294, 0, 180 MHz, 16.44 W, 0 %, 61
2026/09/26 14:25:11.317, 1, 180 MHz, 26.48 W, 0 %, 41
2026/09/26 14:25:11.346, 2, 180 MHz, 13.05 W, 0 %, 49
2026/09/26 14:25:11.374, 3, 330 MHz, 34.36 W, 0 %, 49
2026/09/26 14:25:12.469, 0, 180 MHz, 13.83 W, 0 %, 60
2026/09/26 14:25:12.495, 1, 180 MHz, 23.24 W, 0 %, 41
2026/09/26 14:25:12.521, 2, 180 MHz, 13.04 W, 0 %, 49
2026/09/26 14:25:12.546, 3, 330 MHz, 30.84 W, 0 %, 49
2026/09/26 14:25:13.667, 0, 180 MHz, 15.46 W, 0 %, 60
2026/09/26 14:25:13.694, 1, 180 MHz, 19.15 W, 0 %, 41
2026/09/26 14:25:13.751, 2, 180 MHz, 12.97 W, 0 %, 48
2026/09/26 14:25:13.775, 3, 330 MHz, 30.93 W, 0 %, 49
2026/09/26 14:25:14.865, 0, 180 MHz, 15.28 W, 0 %, 60
2026/09/26 14:25:14.888, 1, 172 MHz, 17.77 W, 0 %, 41
2026/09/26 14:25:14.916, 2, 172 MHz, 12.56 W, 0 %, 48
2026/09/26 14:25:14.944, 3, 330 MHz, 30.95 W, 0 %, 48
2026/09/26 14:25:16.029, 0, 180 MHz, 15.18 W, 0 %, 60
2026/09/26 14:25:16.051, 1, 180 MHz, 17.46 W, 0 %, 41
2026/09/26 14:25:16.072, 2, 180 MHz, 12.64 W, 0 %, 48
2026/09/26 14:25:16.096, 3, 330 MHz, 30.04 W, 0 %, 48
2026/09/26 14:25:17.181, 0, 180 MHz, 14.52 W, 0 %, 59
2026/09/26 14:25:17.203, 1, 180 MHz, 18.54 W, 0 %, 40
2026/09/26 14:25:17.225, 2, 180 MHz, 12.49 W, 0 %, 47
2026/09/26 14:25:17.246, 3, 330 MHz, 30.15 W, 0 %, 48
2026/09/26 14:25:18.325, 0, 180 MHz, 14.44 W, 0 %, 59
2026/09/26 14:25:18.352, 1, 180 MHz, 17.38 W, 0 %, 40
2026/09/26 14:25:18.374, 2, 180 MHz, 12.40 W, 0 %, 47
2026/09/26 14:25:18.395, 3, 330 MHz, 29.83 W, 0 %, 48
2026/09/26 14:25:19.477, 0, 180 MHz, 14.67 W, 0 %, 59
2026/09/26 14:25:19.499, 1, 180 MHz, 17.55 W, 0 %, 40
2026/09/26 14:25:19.521, 2, 180 MHz, 12.74 W, 0 %, 47
2026/09/26 14:25:19.543, 3, 330 MHz, 29.59 W, 0 %, 48
2026/09/26 14:25:20.623, 0, 180 MHz, 14.56 W, 0 %, 58
2026/09/26 14:25:20.647, 1, 180 MHz, 17.35 W, 0 %, 40
2026/09/26 14:25:20.679, 2, 180 MHz, 12.64 W, 0 %, 47
2026/09/26 14:25:20.701, 3, 330 MHz, 29.27 W, 0 %, 47
2026/09/26 14:25:21.782, 0, 180 MHz, 14.27 W, 0 %, 58
2026/09/26 14:25:21.807, 1, 172 MHz, 17.47 W, 0 %, 40
2026/09/26 14:25:21.828, 2, 172 MHz, 12.40 W, 0 %, 47
2026/09/26 14:25:21.848, 3, 330 MHz, 29.48 W, 0 %, 47
2026/09/26 14:25:22.928, 0, 180 MHz, 13.69 W, 0 %, 58
2026/09/26 14:25:22.951, 1, 180 MHz, 16.92 W, 0 %, 40
2026/09/26 14:25:22.972, 2, 180 MHz, 12.28 W, 0 %, 46
2026/09/26 14:25:22.993, 3, 330 MHz, 28.19 W, 0 %, 47
2026/09/26 14:25:24.080, 0, 180 MHz, 13.64 W, 0 %, 58
2026/09/26 14:25:24.108, 1, 180 MHz, 17.18 W, 0 %, 39
2026/09/26 14:25:24.131, 2, 180 MHz, 12.20 W, 0 %, 46
2026/09/26 14:25:24.152, 3, 330 MHz, 28.48 W, 0 %, 47
2026/09/26 14:25:25.230, 0, 180 MHz, 13.54 W, 0 %, 57
2026/09/26 14:25:25.253, 1, 180 MHz, 19.18 W, 0 %, 39
2026/09/26 14:25:25.274, 2, 180 MHz, 12.35 W, 0 %, 46
2026/09/26 14:25:25.301, 3, 330 MHz, 28.63 W, 0 %, 47
2026/09/26 14:25:26.381, 0, 180 MHz, 13.71 W, 0 %, 57
2026/09/26 14:25:26.405, 1, 180 MHz, 17.31 W, 0 %, 39
2026/09/26 14:25:26.429, 2, 180 MHz, 12.39 W, 0 %, 45
2026/09/26 14:25:26.451, 3, 330 MHz, 28.68 W, 0 %, 47
2026/09/26 14:25:27.541, 0, 180 MHz, 13.35 W, 0 %, 57
2026/09/26 14:25:27.567, 1, 180 MHz, 17.27 W, 0 %, 39
2026/09/26 14:25:27.590, 2, 180 MHz, 11.83 W, 0 %, 45
2026/09/26 14:25:27.617, 3, 330 MHz, 29.08 W, 0 %, 46
2026/09/26 14:25:28.701, 0, 180 MHz, 12.98 W, 0 %, 57
2026/09/26 14:25:28.725, 1, 180 MHz, 17.28 W, 0 %, 39
2026/09/26 14:25:28.745, 2, 180 MHz, 11.73 W, 0 %, 45
2026/09/26 14:25:28.766, 3, 330 MHz, 28.82 W, 0 %, 46
2026/09/26 14:25:29.849, 0, 180 MHz, 12.98 W, 0 %, 56
2026/09/26 14:25:29.873, 1, 180 MHz, 16.96 W, 0 %, 39
2026/09/26 14:25:29.894, 2, 180 MHz, 11.60 W, 0 %, 45
2026/09/26 14:25:29.918, 3, 330 MHz, 28.43 W, 0 %, 46
2026/09/26 14:25:31.006, 0, 180 MHz, 12.91 W, 0 %, 56
2026/09/26 14:25:31.030, 1, 180 MHz, 18.51 W, 0 %, 39
2026/09/26 14:25:31.057, 2, 180 MHz, 11.77 W, 0 %, 45
2026/09/26 14:25:31.081, 3, 330 MHz, 28.24 W, 0 %, 46
2026/09/26 14:25:32.172, 0, 180 MHz, 12.92 W, 0 %, 56
2026/09/26 14:25:32.194, 1, 180 MHz, 17.43 W, 0 %, 38
2026/09/26 14:25:32.226, 2, 180 MHz, 11.75 W, 0 %, 44
2026/09/26 14:25:32.250, 3, 330 MHz, 28.53 W, 0 %, 46
2026/09/26 14:25:33.342, 0, 180 MHz, 12.69 W, 0 %, 56
2026/09/26 14:25:33.366, 1, 180 MHz, 17.28 W, 0 %, 38
2026/09/26 14:25:33.389, 2, 180 MHz, 11.63 W, 0 %, 44
2026/09/26 14:25:33.415, 3, 330 MHz, 28.31 W, 0 %, 46
2026/09/26 14:25:34.519, 0, 180 MHz, 12.88 W, 0 %, 56
2026/09/26 14:25:34.550, 1, 180 MHz, 17.63 W, 0 %, 38
2026/09/26 14:25:34.580, 2, 180 MHz, 11.67 W, 0 %, 44
2026/09/26 14:25:34.606, 3, 330 MHz, 27.85 W, 0 %, 45
2026/09/26 14:25:35.760, 0, 180 MHz, 12.79 W, 0 %, 55
2026/09/26 14:25:35.786, 1, 180 MHz, 17.93 W, 0 %, 38
2026/09/26 14:25:35.812, 2, 180 MHz, 11.69 W, 0 %, 44
2026/09/26 14:25:35.838, 3, 330 MHz, 27.60 W, 0 %, 45
2026/09/26 14:25:36.926, 0, 180 MHz, 12.83 W, 0 %, 55
2026/09/26 14:25:36.951, 1, 180 MHz, 17.27 W, 0 %, 38
2026/09/26 14:25:36.981, 2, 180 MHz, 11.78 W, 0 %, 44
2026/09/26 14:25:37.013, 3, 330 MHz, 27.68 W, 0 %, 45
2026/09/26 14:25:38.105, 0, 2062 MHz, 174.50 W, 0 %, 58
2026/09/26 14:25:38.125, 1, 2850 MHz, 281.68 W, 100 %, 45
2026/09/26 14:25:38.142, 2, 2310 MHz, 214.74 W, 100 %, 49
2026/09/26 14:25:38.169, 3, 2857 MHz, 286.84 W, 100 %, 55
2026/09/26 14:25:39.255, 0, 2235 MHz, 251.47 W, 99 %, 63
2026/09/26 14:25:39.280, 1, 2437 MHz, 302.50 W, 99 %, 45
2026/09/26 14:25:39.298, 2, 2227 MHz, 273.01 W, 99 %, 50
2026/09/26 14:25:39.317, 3, 2152 MHz, 301.73 W, 99 %, 53
2026/09/26 14:25:40.387, 0, 2242 MHz, 274.52 W, 99 %, 64
2026/09/26 14:25:40.409, 1, 2437 MHz, 300.00 W, 99 %, 45
2026/09/26 14:25:40.427, 2, 2227 MHz, 272.77 W, 99 %, 51
2026/09/26 14:25:40.448, 3, 2152 MHz, 300.00 W, 99 %, 53
2026/09/26 14:25:41.531, 0, 2242 MHz, 275.70 W, 99 %, 65
2026/09/26 14:25:41.553, 1, 2422 MHz, 299.97 W, 99 %, 46
2026/09/26 14:25:41.573, 2, 2220 MHz, 273.43 W, 99 %, 52
2026/09/26 14:25:41.591, 3, 2122 MHz, 300.03 W, 99 %, 53
2026/09/26 14:25:42.662, 0, 2242 MHz, 276.11 W, 99 %, 65
2026/09/26 14:25:42.685, 1, 2422 MHz, 300.03 W, 99 %, 46
2026/09/26 14:25:42.703, 2, 2227 MHz, 273.53 W, 99 %, 52
2026/09/26 14:25:42.724, 3, 2130 MHz, 299.98 W, 99 %, 53
2026/09/26 14:25:43.824, 0, 2250 MHz, 276.59 W, 99 %, 66
2026/09/26 14:25:43.853, 1, 2422 MHz, 300.01 W, 99 %, 46
2026/09/26 14:25:43.876, 2, 2227 MHz, 274.18 W, 99 %, 53
2026/09/26 14:25:43.898, 3, 2137 MHz, 300.01 W, 99 %, 54
2026/09/26 14:25:44.977, 0, 2242 MHz, 277.61 W, 99 %, 67
2026/09/26 14:25:44.997, 1, 2415 MHz, 299.99 W, 99 %, 47
2026/09/26 14:25:45.014, 2, 2220 MHz, 274.62 W, 99 %, 53
2026/09/26 14:25:45.032, 3, 2130 MHz, 300.00 W, 99 %, 54
2026/09/26 14:25:46.099, 0, 2310 MHz, 197.35 W, 0 %, 62
2026/09/26 14:25:46.118, 1, 2872 MHz, 179.71 W, 0 %, 43
2026/09/26 14:25:46.132, 2, 2310 MHz, 150.44 W, 0 %, 50
2026/09/26 14:25:46.147, 3, 3000 MHz, 198.26 W, 0 %, 50
2026/09/26 14:25:47.210, 0, 2302 MHz, 91.01 W, 0 %, 62
2026/09/26 14:25:47.231, 1, 2872 MHz, 124.33 W, 0 %, 42
2026/09/26 14:25:47.247, 2, 2310 MHz, 91.47 W, 0 %, 49
2026/09/26 14:25:47.267, 3, 3000 MHz, 149.64 W, 0 %, 50
2026/09/26 14:25:48.334, 0, 2047 MHz, 132.47 W, 100 %, 67
2026/09/26 14:25:48.352, 1, 2872 MHz, 166.57 W, 0 %, 43
2026/09/26 14:25:48.366, 2, 2295 MHz, 125.10 W, 0 %, 50
2026/09/26 14:25:48.380, 3, 3000 MHz, 220.76 W, 0 %, 51
2026/09/26 14:25:49.458, 0, 2227 MHz, 237.34 W, 99 %, 67
2026/09/26 14:25:49.478, 1, 2475 MHz, 281.52 W, 99 %, 47
2026/09/26 14:25:49.496, 2, 2227 MHz, 249.71 W, 99 %, 53
2026/09/26 14:25:49.521, 3, 2107 MHz, 313.33 W, 99 %, 54
2026/09/26 14:25:50.602, 0, 2242 MHz, 277.37 W, 99 %, 67
2026/09/26 14:25:50.627, 1, 2422 MHz, 300.02 W, 99 %, 47
2026/09/26 14:25:50.650, 2, 2227 MHz, 274.75 W, 99 %, 54
2026/09/26 14:25:50.672, 3, 2137 MHz, 299.98 W, 99 %, 54
2026/09/26 14:25:51.751, 0, 2242 MHz, 278.19 W, 99 %, 68
2026/09/26 14:25:51.776, 1, 2392 MHz, 300.01 W, 99 %, 47
2026/09/26 14:25:51.793, 2, 2220 MHz, 275.75 W, 99 %, 55
2026/09/26 14:25:51.811, 3, 2092 MHz, 299.99 W, 99 %, 55
2026/09/26 14:25:52.881, 0, 2242 MHz, 279.26 W, 99 %, 68
2026/09/26 14:25:52.907, 1, 2422 MHz, 300.01 W, 99 %, 48
2026/09/26 14:25:52.931, 2, 2235 MHz, 275.52 W, 99 %, 55
2026/09/26 14:25:52.954, 3, 2130 MHz, 299.96 W, 99 %, 55
2026/09/26 14:25:54.100, 0, 2242 MHz, 279.76 W, 99 %, 69
2026/09/26 14:25:54.130, 1, 2415 MHz, 299.98 W, 99 %, 48
2026/09/26 14:25:54.153, 2, 2235 MHz, 275.67 W, 99 %, 56
2026/09/26 14:25:54.196, 3, 2107 MHz, 300.02 W, 99 %, 55
2026/09/26 14:25:55.285, 0, 2242 MHz, 280.23 W, 99 %, 69
2026/09/26 14:25:55.310, 1, 2407 MHz, 299.99 W, 99 %, 48
2026/09/26 14:25:55.333, 2, 2235 MHz, 276.11 W, 99 %, 56
2026/09/26 14:25:55.357, 3, 2107 MHz, 300.03 W, 99 %, 55
2026/09/26 14:25:56.438, 0, 2242 MHz, 280.97 W, 99 %, 70
2026/09/26 14:25:56.460, 1, 2415 MHz, 300.00 W, 99 %, 48
2026/09/26 14:25:56.486, 2, 2235 MHz, 276.37 W, 99 %, 56
2026/09/26 14:25:56.516, 3, 2100 MHz, 299.98 W, 99 %, 56
2026/09/26 14:25:57.635, 0, 2242 MHz, 281.36 W, 99 %, 70
2026/09/26 14:25:57.659, 1, 2415 MHz, 300.00 W, 99 %, 48
2026/09/26 14:25:57.683, 2, 2235 MHz, 276.60 W, 99 %, 57
2026/09/26 14:25:57.702, 3, 2100 MHz, 300.01 W, 99 %, 56
2026/09/26 14:25:58.778, 0, 2242 MHz, 281.34 W, 99 %, 70
2026/09/26 14:25:58.801, 1, 2415 MHz, 299.99 W, 99 %, 49
2026/09/26 14:25:58.818, 2, 2235 MHz, 276.70 W, 99 %, 57
2026/09/26 14:25:58.836, 3, 2107 MHz, 300.03 W, 99 %, 56
2026/09/26 14:25:59.912, 0, 2242 MHz, 282.04 W, 99 %, 71
2026/09/26 14:25:59.938, 1, 2422 MHz, 299.97 W, 99 %, 49
2026/09/26 14:25:59.959, 2, 2235 MHz, 276.61 W, 99 %, 58
2026/09/26 14:25:59.981, 3, 2100 MHz, 299.98 W, 99 %, 56
2026/09/26 14:26:01.059, 0, 2242 MHz, 281.99 W, 99 %, 71
2026/09/26 14:26:01.085, 1, 2422 MHz, 300.00 W, 99 %, 49
2026/09/26 14:26:01.103, 2, 2235 MHz, 276.79 W, 99 %, 58
2026/09/26 14:26:01.127, 3, 2100 MHz, 300.02 W, 99 %, 56
2026/09/26 14:26:02.206, 0, 2242 MHz, 282.11 W, 99 %, 72
2026/09/26 14:26:02.229, 1, 2415 MHz, 299.99 W, 99 %, 49
2026/09/26 14:26:02.248, 2, 2235 MHz, 277.41 W, 99 %, 58
2026/09/26 14:26:02.273, 3, 2100 MHz, 300.02 W, 99 %, 56
2026/09/26 14:26:03.352, 0, 2242 MHz, 282.34 W, 99 %, 72
2026/09/26 14:26:03.378, 1, 2415 MHz, 299.99 W, 99 %, 49
2026/09/26 14:26:03.403, 2, 2235 MHz, 277.30 W, 99 %, 59
2026/09/26 14:26:03.425, 3, 2100 MHz, 300.04 W, 99 %, 56
2026/09/26 14:26:04.510, 0, 2242 MHz, 283.05 W, 99 %, 72
2026/09/26 14:26:04.543, 1, 2422 MHz, 299.99 W, 99 %, 49
2026/09/26 14:26:04.573, 2, 2235 MHz, 277.59 W, 99 %, 59
2026/09/26 14:26:04.596, 3, 2092 MHz, 299.98 W, 99 %, 57
2026/09/26 14:26:05.667, 0, 2242 MHz, 283.60 W, 99 %, 72
2026/09/26 14:26:05.690, 1, 2415 MHz, 299.97 W, 99 %, 50
2026/09/26 14:26:05.708, 2, 2227 MHz, 277.99 W, 99 %, 60
2026/09/26 14:26:05.731, 3, 2100 MHz, 299.98 W, 99 %, 57
2026/09/26 14:26:06.809, 0, 2242 MHz, 283.75 W, 99 %, 73
2026/09/26 14:26:06.835, 1, 2400 MHz, 300.00 W, 99 %, 49
2026/09/26 14:26:06.857, 2, 2235 MHz, 278.34 W, 99 %, 59
2026/09/26 14:26:06.880, 3, 2085 MHz, 299.98 W, 99 %, 57
2026/09/26 14:26:07.961, 0, 2242 MHz, 284.21 W, 99 %, 73
2026/09/26 14:26:07.984, 1, 2407 MHz, 300.01 W, 99 %, 50
2026/09/26 14:26:08.002, 2, 2235 MHz, 278.75 W, 99 %, 60
2026/09/26 14:26:08.022, 3, 2092 MHz, 299.99 W, 99 %, 57
2026/09/26 14:26:09.096, 0, 2242 MHz, 284.72 W, 99 %, 73
2026/09/26 14:26:09.121, 1, 2400 MHz, 299.97 W, 99 %, 50
2026/09/26 14:26:09.149, 2, 2235 MHz, 278.82 W, 99 %, 60
2026/09/26 14:26:09.173, 3, 2085 MHz, 300.00 W, 99 %, 57
2026/09/26 14:26:10.251, 0, 2242 MHz, 285.39 W, 99 %, 74
2026/09/26 14:26:10.274, 1, 2400 MHz, 300.02 W, 99 %, 50
2026/09/26 14:26:10.298, 2, 2235 MHz, 279.20 W, 99 %, 61
2026/09/26 14:26:10.320, 3, 2070 MHz, 300.02 W, 99 %, 58
2026/09/26 14:26:11.407, 0, 2242 MHz, 285.49 W, 99 %, 74
2026/09/26 14:26:11.427, 1, 2400 MHz, 300.00 W, 99 %, 50
2026/09/26 14:26:11.444, 2, 2235 MHz, 279.10 W, 99 %, 61
2026/09/26 14:26:11.462, 3, 2070 MHz, 299.95 W, 99 %, 58
2026/09/26 14:26:12.533, 0, 2242 MHz, 285.90 W, 99 %, 74
2026/09/26 14:26:12.554, 1, 2400 MHz, 300.00 W, 99 %, 50
2026/09/26 14:26:12.571, 2, 2235 MHz, 279.61 W, 99 %, 61
2026/09/26 14:26:12.593, 3, 2062 MHz, 300.00 W, 99 %, 58
2026/09/26 14:26:13.676, 0, 2295 MHz, 213.46 W, 0 %, 70
2026/09/26 14:26:13.694, 1, 2857 MHz, 205.53 W, 0 %, 48
2026/09/26 14:26:13.708, 2, 2325 MHz, 150.11 W, 0 %, 57
2026/09/26 14:26:13.723, 3, 2992 MHz, 199.64 W, 0 %, 54
2026/09/26 14:26:14.789, 0, 2317 MHz, 112.81 W, 0 %, 69
2026/09/26 14:26:14.808, 1, 2857 MHz, 122.58 W, 0 %, 46
2026/09/26 14:26:14.825, 2, 2325 MHz, 107.39 W, 0 %, 57
2026/09/26 14:26:14.846, 3, 2992 MHz, 152.55 W, 0 %, 54
2026/09/26 14:26:15.908, 0, 2295 MHz, 88.19 W, 0 %, 68
2026/09/26 14:26:15.927, 1, 2797 MHz, 113.50 W, 0 %, 45
2026/09/26 14:26:15.941, 2, 2310 MHz, 79.61 W, 0 %, 56
2026/09/26 14:26:15.964, 3, 2992 MHz, 123.10 W, 0 %, 53
2026/09/26 14:26:17.024, 0, 2272 MHz, 87.44 W, 0 %, 68
2026/09/26 14:26:17.043, 1, 2610 MHz, 90.39 W, 0 %, 45
2026/09/26 14:26:17.063, 2, 2272 MHz, 79.06 W, 0 %, 55
2026/09/26 14:26:17.078, 3, 2610 MHz, 101.32 W, 0 %, 52
2026/09/26 14:26:18.139, 0, 2272 MHz, 86.21 W, 0 %, 67
2026/09/26 14:26:18.159, 1, 2610 MHz, 89.97 W, 0 %, 45
2026/09/26 14:26:18.175, 2, 2272 MHz, 79.03 W, 0 %, 54
2026/09/26 14:26:18.189, 3, 2610 MHz, 101.18 W, 0 %, 52
2026/09/26 14:26:19.253, 0, 2272 MHz, 85.08 W, 0 %, 67
2026/09/26 14:26:19.274, 1, 2610 MHz, 89.85 W, 0 %, 44
2026/09/26 14:26:19.297, 2, 2272 MHz, 78.96 W, 0 %, 54
2026/09/26 14:26:19.315, 3, 2610 MHz, 101.11 W, 0 %, 52
2026/09/26 14:26:20.386, 0, 2272 MHz, 85.02 W, 0 %, 66
2026/09/26 14:26:20.408, 1, 2610 MHz, 89.92 W, 0 %, 44
2026/09/26 14:26:20.425, 2, 2272 MHz, 78.93 W, 0 %, 54
2026/09/26 14:26:20.443, 3, 2610 MHz, 100.96 W, 0 %, 52
2026/09/26 14:26:21.511, 0, 2272 MHz, 84.27 W, 0 %, 66
2026/09/26 14:26:21.532, 1, 2610 MHz, 89.89 W, 0 %, 44
2026/09/26 14:26:21.553, 2, 2272 MHz, 78.86 W, 0 %, 53
2026/09/26 14:26:21.578, 3, 2610 MHz, 100.79 W, 0 %, 51
2026/09/26 14:26:22.647, 0, 2272 MHz, 83.97 W, 0 %, 65
2026/09/26 14:26:22.667, 1, 2610 MHz, 89.69 W, 0 %, 44
2026/09/26 14:26:22.689, 2, 2272 MHz, 78.76 W, 0 %, 53
2026/09/26 14:26:22.705, 3, 2610 MHz, 100.74 W, 0 %, 51
2026/09/26 14:26:23.768, 0, 2272 MHz, 83.43 W, 0 %, 65
2026/09/26 14:26:23.791, 1, 2610 MHz, 89.60 W, 0 %, 44
2026/09/26 14:26:23.810, 2, 2272 MHz, 78.49 W, 0 %, 53
2026/09/26 14:26:23.827, 3, 2610 MHz, 100.65 W, 0 %, 51
2026/09/26 14:26:24.889, 0, 2272 MHz, 82.52 W, 0 %, 65
2026/09/26 14:26:24.913, 1, 2610 MHz, 89.35 W, 0 %, 44
2026/09/26 14:26:24.934, 2, 2272 MHz, 78.44 W, 0 %, 53
2026/09/26 14:26:24.952, 3, 2610 MHz, 100.45 W, 0 %, 51
2026/09/26 14:26:26.015, 0, 2272 MHz, 82.29 W, 0 %, 65
2026/09/26 14:26:26.036, 1, 2610 MHz, 89.14 W, 0 %, 43
2026/09/26 14:26:26.060, 2, 2272 MHz, 78.03 W, 0 %, 52
2026/09/26 14:26:26.078, 3, 2610 MHz, 100.15 W, 0 %, 51
2026/09/26 14:26:27.146, 0, 2272 MHz, 81.83 W, 0 %, 64
2026/09/26 14:26:27.170, 1, 2610 MHz, 89.10 W, 0 %, 43
2026/09/26 14:26:27.190, 2, 2272 MHz, 78.00 W, 0 %, 52
2026/09/26 14:26:27.209, 3, 2610 MHz, 100.13 W, 0 %, 51
2026/09/26 14:26:28.290, 0, 2272 MHz, 81.75 W, 0 %, 64
2026/09/26 14:26:28.311, 1, 2610 MHz, 89.13 W, 0 %, 43
2026/09/26 14:26:28.331, 2, 2272 MHz, 77.99 W, 0 %, 52
2026/09/26 14:26:28.356, 3, 2610 MHz, 100.06 W, 0 %, 51
2026/09/26 14:26:29.472, 0, 2272 MHz, 80.36 W, 0 %, 64
2026/09/26 14:26:29.496, 1, 2610 MHz, 88.69 W, 0 %, 43
2026/09/26 14:26:29.515, 2, 2272 MHz, 77.96 W, 0 %, 52
2026/09/26 14:26:29.533, 3, 2610 MHz, 100.04 W, 0 %, 51
2026/09/26 14:26:30.600, 0, 390 MHz, 69.16 W, 0 %, 62
2026/09/26 14:26:30.626, 1, 2610 MHz, 88.38 W, 0 %, 43
2026/09/26 14:26:30.642, 2, 337 MHz, 42.62 W, 0 %, 50
2026/09/26 14:26:30.666, 3, 502 MHz, 87.30 W, 0 %, 50
2026/09/26 14:26:31.737, 0, 232 MHz, 27.20 W, 0 %, 62
2026/09/26 14:26:31.759, 1, 360 MHz, 57.86 W, 0 %, 42
2026/09/26 14:26:31.774, 2, 202 MHz, 24.96 W, 0 %, 50
2026/09/26 14:26:31.795, 3, 330 MHz, 77.95 W, 0 %, 49
2026/09/26 14:26:32.872, 0, 180 MHz, 18.94 W, 0 %, 61
2026/09/26 14:26:32.896, 1, 232 MHz, 57.71 W, 0 %, 42
2026/09/26 14:26:32.913, 2, 180 MHz, 17.62 W, 0 %, 50
2026/09/26 14:26:32.934, 3, 337 MHz, 55.22 W, 0 %, 49
2026/09/26 14:26:34.008, 0, 180 MHz, 16.62 W, 0 %, 61
2026/09/26 14:26:34.031, 1, 180 MHz, 33.22 W, 0 %, 41
2026/09/26 14:26:34.051, 2, 180 MHz, 13.02 W, 0 %, 49
2026/09/26 14:26:34.079, 3, 330 MHz, 34.90 W, 0 %, 49
2026/09/26 14:26:35.162, 0, 180 MHz, 14.38 W, 0 %, 61
2026/09/26 14:26:35.188, 1, 180 MHz, 26.38 W, 0 %, 41
2026/09/26 14:26:35.211, 2, 180 MHz, 13.72 W, 0 %, 49
2026/09/26 14:26:35.236, 3, 330 MHz, 33.03 W, 0 %, 48
2026/09/26 14:26:36.319, 0, 180 MHz, 13.98 W, 0 %, 60
2026/09/26 14:26:36.345, 1, 180 MHz, 19.00 W, 0 %, 41
2026/09/26 14:26:36.367, 2, 180 MHz, 13.45 W, 0 %, 48
2026/09/26 14:26:36.388, 3, 330 MHz, 31.83 W, 0 %, 48
2026/09/26 14:26:37.469, 0, 180 MHz, 13.68 W, 0 %, 60
2026/09/26 14:26:37.494, 1, 180 MHz, 17.73 W, 0 %, 41
2026/09/26 14:26:37.517, 2, 180 MHz, 12.90 W, 0 %, 48
2026/09/26 14:26:37.542, 3, 330 MHz, 30.03 W, 0 %, 48
2026/09/26 14:26:38.631, 0, 180 MHz, 14.27 W, 0 %, 59
2026/09/26 14:26:38.654, 1, 180 MHz, 17.75 W, 0 %, 40
2026/09/26 14:26:38.681, 2, 180 MHz, 13.02 W, 0 %, 48
2026/09/26 14:26:38.702, 3, 330 MHz, 32.04 W, 0 %, 48
2026/09/26 14:26:39.782, 0, 180 MHz, 14.36 W, 0 %, 59
2026/09/26 14:26:39.803, 1, 180 MHz, 17.67 W, 0 %, 40
2026/09/26 14:26:39.824, 2, 180 MHz, 12.93 W, 0 %, 48
2026/09/26 14:26:39.845, 3, 330 MHz, 31.83 W, 0 %, 48
2026/09/26 14:26:40.929, 0, 180 MHz, 14.62 W, 0 %, 59
2026/09/26 14:26:40.952, 1, 180 MHz, 18.24 W, 0 %, 40
2026/09/26 14:26:40.974, 2, 180 MHz, 12.57 W, 0 %, 47
2026/09/26 14:26:40.995, 3, 330 MHz, 30.06 W, 0 %, 47
2026/09/26 14:26:42.075, 0, 180 MHz, 14.83 W, 0 %, 59
2026/09/26 14:26:42.099, 1, 180 MHz, 17.63 W, 0 %, 40
2026/09/26 14:26:42.122, 2, 180 MHz, 12.52 W, 0 %, 47
2026/09/26 14:26:42.144, 3, 330 MHz, 29.05 W, 0 %, 47
2026/09/26 14:26:43.227, 0, 180 MHz, 14.58 W, 0 %, 58
2026/09/26 14:26:43.250, 1, 180 MHz, 17.74 W, 0 %, 40
2026/09/26 14:26:43.271, 2, 180 MHz, 12.91 W, 0 %, 47
2026/09/26 14:26:43.299, 3, 330 MHz, 31.22 W, 0 %, 47
2026/09/26 14:26:44.383, 0, 180 MHz, 14.31 W, 0 %, 58
2026/09/26 14:26:44.405, 1, 180 MHz, 17.63 W, 0 %, 40
2026/09/26 14:26:44.427, 2, 180 MHz, 12.53 W, 0 %, 46
2026/09/26 14:26:44.450, 3, 330 MHz, 30.43 W, 0 %, 47
2026/09/26 14:26:45.537, 0, 180 MHz, 14.53 W, 0 %, 58
2026/09/26 14:26:45.564, 1, 180 MHz, 17.52 W, 0 %, 39
2026/09/26 14:26:45.591, 2, 180 MHz, 12.01 W, 0 %, 46
2026/09/26 14:26:45.615, 3, 330 MHz, 33.15 W, 0 %, 47
2026/09/26 14:26:46.712, 0, 180 MHz, 14.68 W, 0 %, 58
2026/09/26 14:26:46.736, 1, 180 MHz, 17.32 W, 0 %, 39
2026/09/26 14:26:46.757, 2, 180 MHz, 12.16 W, 0 %, 46
2026/09/26 14:26:46.781, 3, 330 MHz, 31.88 W, 0 %, 47
2026/09/26 14:26:47.878, 0, 180 MHz, 14.31 W, 0 %, 57
2026/09/26 14:26:47.909, 1, 180 MHz, 17.18 W, 0 %, 39
2026/09/26 14:26:47.934, 2, 180 MHz, 12.31 W, 0 %, 46
2026/09/26 14:26:47.965, 3, 330 MHz, 30.45 W, 0 %, 47
2026/09/26 14:26:49.087, 0, 180 MHz, 13.78 W, 0 %, 57
2026/09/26 14:26:49.118, 1, 180 MHz, 16.94 W, 0 %, 39
2026/09/26 14:26:49.160, 2, 180 MHz, 11.91 W, 0 %, 45
2026/09/26 14:26:49.201, 3, 330 MHz, 27.59 W, 0 %, 46
2026/09/26 14:26:50.301, 0, 180 MHz, 13.76 W, 0 %, 57
2026/09/26 14:26:50.324, 1, 180 MHz, 17.08 W, 0 %, 39
2026/09/26 14:26:50.346, 2, 180 MHz, 11.96 W, 0 %, 45
2026/09/26 14:26:50.367, 3, 330 MHz, 28.55 W, 0 %, 46
2026/09/26 14:26:51.447, 0, 180 MHz, 13.32 W, 0 %, 56
2026/09/26 14:26:51.472, 1, 180 MHz, 17.28 W, 0 %, 39
2026/09/26 14:26:51.495, 2, 180 MHz, 12.20 W, 0 %, 45
2026/09/26 14:26:51.517, 3, 330 MHz, 27.95 W, 0 %, 46
2026/09/26 14:26:52.601, 0, 180 MHz, 13.40 W, 0 %, 56
2026/09/26 14:26:52.624, 1, 180 MHz, 16.91 W, 0 %, 39
2026/09/26 14:26:52.645, 2, 180 MHz, 12.23 W, 0 %, 45
2026/09/26 14:26:52.667, 3, 330 MHz, 29.86 W, 0 %, 46
2026/09/26 14:26:53.746, 0, 180 MHz, 13.42 W, 0 %, 56
2026/09/26 14:26:53.770, 1, 180 MHz, 17.18 W, 0 %, 39
2026/09/26 14:26:53.790, 2, 180 MHz, 12.18 W, 0 %, 45
2026/09/26 14:26:53.811, 3, 330 MHz, 29.74 W, 0 %, 46
2026/09/26 14:26:54.890, 0, 180 MHz, 12.89 W, 0 %, 56
2026/09/26 14:26:54.915, 1, 180 MHz, 17.06 W, 0 %, 38
2026/09/26 14:26:54.936, 2, 180 MHz, 12.12 W, 0 %, 44
2026/09/26 14:26:54.957, 3, 330 MHz, 29.64 W, 0 %, 46
2026/09/26 14:26:56.038, 0, 180 MHz, 13.13 W, 0 %, 56
2026/09/26 14:26:56.064, 1, 180 MHz, 16.96 W, 0 %, 38
2026/09/26 14:26:56.091, 2, 180 MHz, 11.60 W, 0 %, 44
2026/09/26 14:26:56.114, 3, 330 MHz, 28.50 W, 0 %, 46
2026/09/26 14:26:57.196, 0, 180 MHz, 13.00 W, 0 %, 56
2026/09/26 14:26:57.219, 1, 180 MHz, 17.31 W, 0 %, 38
2026/09/26 14:26:57.248, 2, 180 MHz, 11.46 W, 0 %, 44
2026/09/26 14:26:57.270, 3, 330 MHz, 27.62 W, 0 %, 45
2026/09/26 14:26:58.355, 0, 180 MHz, 12.55 W, 0 %, 55
2026/09/26 14:26:58.384, 1, 180 MHz, 17.11 W, 0 %, 38
2026/09/26 14:26:58.418, 2, 180 MHz, 11.61 W, 0 %, 44
2026/09/26 14:26:58.453, 3, 330 MHz, 27.19 W, 0 %, 45
2026/09/26 14:26:59.575, 0, 180 MHz, 12.73 W, 0 %, 55
2026/09/26 14:26:59.604, 1, 180 MHz, 17.59 W, 0 %, 38
2026/09/26 14:26:59.635, 2, 180 MHz, 11.88 W, 0 %, 44
2026/09/26 14:26:59.668, 3, 330 MHz, 29.91 W, 0 %, 45
2026/09/26 14:27:00.767, 0, 180 MHz, 12.03 W, 0 %, 55
2026/09/26 14:27:00.795, 1, 180 MHz, 16.64 W, 0 %, 38
2026/09/26 14:27:00.824, 2, 180 MHz, 11.64 W, 0 %, 43
2026/09/26 14:27:00.856, 3, 330 MHz, 28.26 W, 0 %, 45
2026/09/26 14:27:01.959, 0, 180 MHz, 12.19 W, 0 %, 55
2026/09/26 14:27:01.988, 1, 180 MHz, 16.76 W, 0 %, 38
2026/09/26 14:27:02.018, 2, 180 MHz, 11.23 W, 0 %, 43
2026/09/26 14:27:02.049, 3, 330 MHz, 27.62 W, 0 %, 45
2026/09/26 14:27:03.143, 0, 2242 MHz, 66.29 W, 43 %, 58
2026/09/26 14:27:03.166, 1, 2797 MHz, 203.47 W, 100 %, 41
2026/09/26 14:27:03.189, 2, 2212 MHz, 148.61 W, 28 %, 46
2026/09/26 14:27:03.215, 3, 2647 MHz, 206.40 W, 34 %, 53
2026/09/26 14:27:04.286, 0, 2100 MHz, 218.93 W, 99 %, 62
2026/09/26 14:27:04.308, 1, 2415 MHz, 289.29 W, 99 %, 45
2026/09/26 14:27:04.335, 2, 2220 MHz, 241.25 W, 99 %, 49
2026/09/26 14:27:04.360, 3, 2137 MHz, 303.92 W, 99 %, 52
2026/09/26 14:27:05.436, 0, 2242 MHz, 274.92 W, 99 %, 63
2026/09/26 14:27:05.463, 1, 2437 MHz, 299.96 W, 99 %, 45
2026/09/26 14:27:05.486, 2, 2227 MHz, 272.80 W, 99 %, 50
2026/09/26 14:27:05.506, 3, 2160 MHz, 300.00 W, 99 %, 52
2026/09/26 14:27:06.591, 0, 2235 MHz, 275.53 W, 99 %, 64
2026/09/26 14:27:06.612, 1, 2437 MHz, 299.95 W, 99 %, 45
2026/09/26 14:27:06.630, 2, 2227 MHz, 273.22 W, 99 %, 51
2026/09/26 14:27:06.648, 3, 2152 MHz, 299.99 W, 99 %, 53
2026/09/26 14:27:07.729, 0, 2242 MHz, 276.01 W, 99 %, 64
2026/09/26 14:27:07.753, 1, 2415 MHz, 300.00 W, 99 %, 46
2026/09/26 14:27:07.771, 2, 2220 MHz, 273.47 W, 99 %, 52
2026/09/26 14:27:07.792, 3, 2137 MHz, 300.02 W, 99 %, 53
2026/09/26 14:27:08.868, 0, 2242 MHz, 276.91 W, 99 %, 65
2026/09/26 14:27:08.892, 1, 2415 MHz, 299.98 W, 99 %, 46
2026/09/26 14:27:08.915, 2, 2227 MHz, 274.10 W, 99 %, 52
2026/09/26 14:27:08.935, 3, 2115 MHz, 299.98 W, 99 %, 53
2026/09/26 14:27:10.013, 0, 2242 MHz, 278.33 W, 99 %, 66
2026/09/26 14:27:10.036, 1, 2415 MHz, 299.99 W, 99 %, 46
2026/09/26 14:27:10.055, 2, 2220 MHz, 274.67 W, 99 %, 53
2026/09/26 14:27:10.079, 3, 2115 MHz, 299.98 W, 99 %, 53
2026/09/26 14:27:11.159, 0, 2242 MHz, 245.65 W, 0 %, 62
2026/09/26 14:27:11.180, 1, 2850 MHz, 232.77 W, 0 %, 46
2026/09/26 14:27:11.197, 2, 2295 MHz, 187.14 W, 0 %, 49
2026/09/26 14:27:11.218, 3, 3000 MHz, 228.80 W, 0 %, 50
2026/09/26 14:27:12.283, 0, 2302 MHz, 106.11 W, 0 %, 61
2026/09/26 14:27:12.306, 1, 2872 MHz, 121.72 W, 0 %, 42
2026/09/26 14:27:12.320, 2, 2310 MHz, 88.75 W, 0 %, 49
2026/09/26 14:27:12.333, 3, 3000 MHz, 147.66 W, 0 %, 49
2026/09/26 14:27:13.397, 0, 2295 MHz, 79.92 W, 0 %, 60
2026/09/26 14:27:13.420, 1, 2362 MHz, 171.14 W, 95 %, 47
2026/09/26 14:27:13.436, 2, 1987 MHz, 129.80 W, 100 %, 53
2026/09/26 14:27:13.453, 3, 1957 MHz, 175.43 W, 100 %, 55
2026/09/26 14:27:14.527, 0, 2025 MHz, 178.69 W, 100 %, 66
2026/09/26 14:27:14.551, 1, 2242 MHz, 229.11 W, 99 %, 47
2026/09/26 14:27:14.572, 2, 2025 MHz, 177.79 W, 100 %, 53
2026/09/26 14:27:14.598, 3, 1972 MHz, 245.53 W, 99 %, 56
2026/09/26 14:27:15.677, 0, 2242 MHz, 277.85 W, 99 %, 67
2026/09/26 14:27:15.700, 1, 2415 MHz, 300.28 W, 99 %, 47
2026/09/26 14:27:15.718, 2, 2227 MHz, 275.29 W, 99 %, 54
2026/09/26 14:27:15.744, 3, 2122 MHz, 300.08 W, 99 %, 54
2026/09/26 14:27:16.874, 0, 2242 MHz, 278.18 W, 99 %, 67
2026/09/26 14:27:16.911, 1, 2437 MHz, 300.05 W, 99 %, 47
2026/09/26 14:27:16.940, 2, 2227 MHz, 275.33 W, 99 %, 54
2026/09/26 14:27:16.965, 3, 2145 MHz, 299.97 W, 99 %, 54
2026/09/26 14:27:18.050, 0, 2242 MHz, 279.28 W, 99 %, 68
2026/09/26 14:27:18.074, 1, 2407 MHz, 300.00 W, 99 %, 47
2026/09/26 14:27:18.099, 2, 2227 MHz, 275.80 W, 99 %, 54
2026/09/26 14:27:18.120, 3, 2092 MHz, 300.03 W, 99 %, 54
2026/09/26 14:27:19.197, 0, 2242 MHz, 280.63 W, 99 %, 68
2026/09/26 14:27:19.219, 1, 2422 MHz, 299.98 W, 99 %, 47
2026/09/26 14:27:19.237, 2, 2235 MHz, 276.06 W, 99 %, 55
2026/09/26 14:27:19.258, 3, 2115 MHz, 300.04 W, 99 %, 55
2026/09/26 14:27:20.340, 0, 2242 MHz, 280.82 W, 99 %, 69
2026/09/26 14:27:20.363, 1, 2415 MHz, 300.02 W, 99 %, 48
2026/09/26 14:27:20.381, 2, 2235 MHz, 276.40 W, 99 %, 56
2026/09/26 14:27:20.400, 3, 2107 MHz, 300.00 W, 99 %, 55
2026/09/26 14:27:21.472, 0, 2242 MHz, 281.39 W, 99 %, 69
2026/09/26 14:27:21.494, 1, 2407 MHz, 300.01 W, 99 %, 48
2026/09/26 14:27:21.518, 2, 2227 MHz, 276.89 W, 99 %, 56
2026/09/26 14:27:21.540, 3, 2107 MHz, 299.99 W, 99 %, 55
2026/09/26 14:27:22.620, 0, 2242 MHz, 281.58 W, 99 %, 70
2026/09/26 14:27:22.642, 1, 2415 MHz, 300.03 W, 99 %, 48
2026/09/26 14:27:22.664, 2, 2235 MHz, 276.82 W, 99 %, 56
2026/09/26 14:27:22.687, 3, 2107 MHz, 300.00 W, 99 %, 55
2026/09/26 14:27:23.767, 0, 2242 MHz, 281.62 W, 99 %, 70
2026/09/26 14:27:23.791, 1, 2415 MHz, 299.99 W, 99 %, 48
2026/09/26 14:27:23.813, 2, 2235 MHz, 277.10 W, 99 %, 57
2026/09/26 14:27:23.836, 3, 2122 MHz, 300.02 W, 99 %, 55
2026/09/26 14:27:24.914, 0, 2242 MHz, 282.14 W, 99 %, 70
2026/09/26 14:27:24.940, 1, 2415 MHz, 300.03 W, 99 %, 48
2026/09/26 14:27:24.964, 2, 2235 MHz, 277.57 W, 99 %, 57
2026/09/26 14:27:24.987, 3, 2107 MHz, 300.03 W, 99 %, 55
2026/09/26 14:27:26.071, 0, 2242 MHz, 282.36 W, 99 %, 71
2026/09/26 14:27:26.096, 1, 2422 MHz, 299.99 W, 99 %, 49
2026/09/26 14:27:26.114, 2, 2235 MHz, 277.54 W, 99 %, 57
2026/09/26 14:27:26.140, 3, 2107 MHz, 299.98 W, 99 %, 56
2026/09/26 14:27:27.220, 0, 2242 MHz, 283.02 W, 99 %, 71
2026/09/26 14:27:27.246, 1, 2415 MHz, 300.00 W, 99 %, 49
2026/09/26 14:27:27.270, 2, 2235 MHz, 278.22 W, 99 %, 58
2026/09/26 14:27:27.293, 3, 2122 MHz, 300.05 W, 99 %, 56
2026/09/26 14:27:28.371, 0, 2242 MHz, 283.27 W, 99 %, 71
2026/09/26 14:27:28.394, 1, 2415 MHz, 300.00 W, 99 %, 49
2026/09/26 14:27:28.412, 2, 2235 MHz, 278.21 W, 99 %, 58
2026/09/26 14:27:28.431, 3, 2107 MHz, 300.00 W, 99 %, 56
2026/09/26 14:27:29.500, 0, 2242 MHz, 284.26 W, 99 %, 72
2026/09/26 14:27:29.526, 1, 2407 MHz, 300.04 W, 99 %, 49
2026/09/26 14:27:29.550, 2, 2227 MHz, 279.02 W, 99 %, 59
2026/09/26 14:27:29.573, 3, 2092 MHz, 299.99 W, 99 %, 56
2026/09/26 14:27:30.652, 0, 2242 MHz, 284.29 W, 99 %, 72
2026/09/26 14:27:30.673, 1, 2400 MHz, 299.98 W, 99 %, 49
2026/09/26 14:27:30.697, 2, 2227 MHz, 279.18 W, 99 %, 59
2026/09/26 14:27:30.718, 3, 2092 MHz, 299.97 W, 99 %, 57
2026/09/26 14:27:31.798, 0, 2242 MHz, 284.66 W, 99 %, 72
2026/09/26 14:27:31.818, 1, 2400 MHz, 299.99 W, 99 %, 50
2026/09/26 14:27:31.836, 2, 2235 MHz, 279.23 W, 99 %, 59
2026/09/26 14:27:31.863, 3, 2100 MHz, 299.98 W, 99 %, 57
2026/09/26 14:27:32.943, 0, 2242 MHz, 285.52 W, 99 %, 73
2026/09/26 14:27:32.967, 1, 2407 MHz, 300.01 W, 99 %, 50
2026/09/26 14:27:32.985, 2, 2235 MHz, 279.71 W, 99 %, 60
2026/09/26 14:27:33.006, 3, 2085 MHz, 300.01 W, 99 %, 57
2026/09/26 14:27:34.091, 0, 2242 MHz, 285.84 W, 99 %, 73
2026/09/26 14:27:34.117, 1, 2400 MHz, 299.99 W, 99 %, 50
2026/09/26 14:27:34.141, 2, 2235 MHz, 279.95 W, 99 %, 60
2026/09/26 14:27:34.165, 3, 2085 MHz, 299.96 W, 99 %, 57
2026/09/26 14:27:35.250, 0, 2242 MHz, 285.79 W, 99 %, 73
2026/09/26 14:27:35.273, 1, 2392 MHz, 299.99 W, 99 %, 50
2026/09/26 14:27:35.292, 2, 2235 MHz, 280.12 W, 99 %, 60
2026/09/26 14:27:35.312, 3, 2092 MHz, 299.99 W, 99 %, 57
2026/09/26 14:27:36.414, 0, 2242 MHz, 285.83 W, 99 %, 74
2026/09/26 14:27:36.436, 1, 2400 MHz, 299.99 W, 99 %, 50
2026/09/26 14:27:36.459, 2, 2235 MHz, 280.24 W, 99 %, 60
2026/09/26 14:27:36.481, 3, 2077 MHz, 299.98 W, 99 %, 57
2026/09/26 14:27:37.558, 0, 2242 MHz, 286.04 W, 99 %, 74
2026/09/26 14:27:37.584, 1, 2400 MHz, 299.99 W, 99 %, 50
2026/09/26 14:27:37.605, 2, 2235 MHz, 280.02 W, 99 %, 61
2026/09/26 14:27:37.624, 3, 2085 MHz, 299.97 W, 99 %, 57
2026/09/26 14:27:38.700, 0, 2242 MHz, 270.65 W, 1 %, 71
2026/09/26 14:27:38.718, 1, 2700 MHz, 235.53 W, 0 %, 46
2026/09/26 14:27:38.732, 2, 2317 MHz, 206.75 W, 0 %, 57
2026/09/26 14:27:38.746, 3, 2955 MHz, 242.78 W, 0 %, 54
2026/09/26 14:27:39.808, 0, 2317 MHz, 91.25 W, 0 %, 69
2026/09/26 14:27:39.824, 1, 2857 MHz, 119.06 W, 0 %, 46
2026/09/26 14:27:39.838, 2, 2317 MHz, 86.25 W, 0 %, 56
2026/09/26 14:27:39.854, 3, 2992 MHz, 147.83 W, 0 %, 53
2026/09/26 14:27:40.914, 0, 2317 MHz, 88.35 W, 0 %, 68
2026/09/26 14:27:40.932, 1, 2745 MHz, 110.90 W, 0 %, 45
2026/09/26 14:27:40.946, 2, 2302 MHz, 79.57 W, 0 %, 56
2026/09/26 14:27:40.960, 3, 2662 MHz, 119.80 W, 0 %, 52
2026/09/26 14:27:42.021, 0, 2272 MHz, 87.47 W, 0 %, 67
2026/09/26 14:27:42.039, 1, 2610 MHz, 100.78 W, 0 %, 45
2026/09/26 14:27:42.054, 2, 2272 MHz, 79.22 W, 0 %, 55
2026/09/26 14:27:42.068, 3, 2610 MHz, 110.05 W, 0 %, 52
2026/09/26 14:27:43.128, 0, 2272 MHz, 86.01 W, 0 %, 67
2026/09/26 14:27:43.151, 1, 2610 MHz, 90.43 W, 0 %, 45
2026/09/26 14:27:43.166, 2, 2272 MHz, 79.17 W, 0 %, 55
2026/09/26 14:27:43.181, 3, 2610 MHz, 100.68 W, 0 %, 52
2026/09/26 14:27:44.244, 0, 2272 MHz, 85.67 W, 0 %, 66
2026/09/26 14:27:44.268, 1, 2610 MHz, 90.11 W, 0 %, 44
2026/09/26 14:27:44.285, 2, 2272 MHz, 78.97 W, 0 %, 54
2026/09/26 14:27:44.301, 3, 2610 MHz, 100.35 W, 0 %, 52
2026/09/26 14:27:45.364, 0, 2272 MHz, 85.12 W, 0 %, 66
2026/09/26 14:27:45.384, 1, 2610 MHz, 89.78 W, 0 %, 44
2026/09/26 14:27:45.401, 2, 2272 MHz, 78.73 W, 0 %, 54
2026/09/26 14:27:45.416, 3, 2610 MHz, 100.11 W, 0 %, 51
2026/09/26 14:27:46.479, 0, 2272 MHz, 83.40 W, 0 %, 65
2026/09/26 14:27:46.500, 1, 2610 MHz, 89.91 W, 0 %, 44
2026/09/26 14:27:46.516, 2, 2272 MHz, 78.77 W, 0 %, 54
2026/09/26 14:27:46.535, 3, 2610 MHz, 100.14 W, 0 %, 51
2026/09/26 14:27:47.596, 0, 2272 MHz, 83.21 W, 0 %, 65
2026/09/26 14:27:47.615, 1, 2610 MHz, 89.69 W, 0 %, 44
2026/09/26 14:27:47.629, 2, 2272 MHz, 78.75 W, 0 %, 53
2026/09/26 14:27:47.643, 3, 2610 MHz, 99.93 W, 0 %, 51
2026/09/26 14:27:48.704, 0, 2272 MHz, 83.00 W, 0 %, 65
2026/09/26 14:27:48.723, 1, 2610 MHz, 89.29 W, 0 %, 44
2026/09/26 14:27:48.737, 2, 2272 MHz, 78.68 W, 0 %, 53
2026/09/26 14:27:48.752, 3, 2610 MHz, 99.82 W, 0 %, 51
2026/09/26 14:27:49.812, 0, 2272 MHz, 82.79 W, 0 %, 65
2026/09/26 14:27:49.833, 1, 2610 MHz, 89.37 W, 0 %, 43
2026/09/26 14:27:49.850, 2, 2272 MHz, 78.32 W, 0 %, 52
2026/09/26 14:27:49.865, 3, 2610 MHz, 99.73 W, 0 %, 51
2026/09/26 14:27:50.926, 0, 2272 MHz, 82.16 W, 0 %, 64
2026/09/26 14:27:50.946, 1, 2610 MHz, 89.49 W, 0 %, 43
2026/09/26 14:27:50.961, 2, 2272 MHz, 78.29 W, 0 %, 52
2026/09/26 14:27:50.976, 3, 2610 MHz, 99.76 W, 0 %, 51
2026/09/26 14:27:52.036, 0, 2272 MHz, 81.85 W, 0 %, 64
2026/09/26 14:27:52.054, 1, 2610 MHz, 89.49 W, 0 %, 43
2026/09/26 14:27:52.069, 2, 2272 MHz, 78.22 W, 0 %, 52
2026/09/26 14:27:52.085, 3, 2610 MHz, 99.71 W, 0 %, 51
2026/09/26 14:27:53.149, 0, 2272 MHz, 80.96 W, 0 %, 64
2026/09/26 14:27:53.170, 1, 2610 MHz, 89.53 W, 0 %, 43
2026/09/26 14:27:53.185, 2, 2272 MHz, 78.02 W, 0 %, 52
2026/09/26 14:27:53.205, 3, 2610 MHz, 99.64 W, 0 %, 51
2026/09/26 14:27:54.269, 0, 2272 MHz, 80.57 W, 0 %, 64
2026/09/26 14:27:54.287, 1, 2610 MHz, 89.14 W, 0 %, 43
2026/09/26 14:27:54.302, 2, 2272 MHz, 77.70 W, 0 %, 52
2026/09/26 14:27:54.317, 3, 2610 MHz, 99.63 W, 0 %, 50
2026/09/26 14:27:55.381, 0, 2272 MHz, 80.06 W, 0 %, 63
2026/09/26 14:27:55.401, 1, 637 MHz, 84.55 W, 0 %, 43
2026/09/26 14:27:55.419, 2, 1620 MHz, 70.30 W, 0 %, 51
2026/09/26 14:27:55.437, 3, 412 MHz, 78.60 W, 0 %, 50
2026/09/26 14:27:56.519, 0, 210 MHz, 26.35 W, 0 %, 61
2026/09/26 14:27:56.546, 1, 330 MHz, 68.92 W, 0 %, 42
2026/09/26 14:27:56.565, 2, 307 MHz, 31.59 W, 0 %, 51
2026/09/26 14:27:56.589, 3, 322 MHz, 72.38 W, 0 %, 49
2026/09/26 14:27:57.673, 0, 180 MHz, 21.62 W, 0 %, 61
2026/09/26 14:27:57.696, 1, 210 MHz, 58.07 W, 0 %, 42
2026/09/26 14:27:57.713, 2, 180 MHz, 25.35 W, 0 %, 50
2026/09/26 14:27:57.736, 3, 330 MHz, 49.93 W, 0 %, 49
2026/09/26 14:27:58.841, 0, 180 MHz, 15.37 W, 0 %, 61
2026/09/26 14:27:58.870, 1, 187 MHz, 42.33 W, 0 %, 41
2026/09/26 14:27:58.892, 2, 180 MHz, 16.58 W, 0 %, 49
2026/09/26 14:27:58.919, 3, 330 MHz, 42.17 W, 0 %, 48
2026/09/26 14:28:00.035, 0, 180 MHz, 14.19 W, 0 %, 60
2026/09/26 14:28:00.075, 1, 180 MHz, 32.02 W, 0 %, 41
2026/09/26 14:28:00.123, 2, 172 MHz, 13.47 W, 0 %, 49
2026/09/26 14:28:00.145, 3, 330 MHz, 31.16 W, 0 %, 48
2026/09/26 14:28:01.228, 0, 180 MHz, 16.29 W, 0 %, 60
2026/09/26 14:28:01.252, 1, 180 MHz, 20.37 W, 0 %, 41
2026/09/26 14:28:01.273, 2, 180 MHz, 13.46 W, 0 %, 49
2026/09/26 14:28:01.295, 3, 322 MHz, 29.42 W, 0 %, 48
2026/09/26 14:28:02.376, 0, 180 MHz, 15.56 W, 0 %, 60
2026/09/26 14:28:02.401, 1, 180 MHz, 18.54 W, 0 %, 41
2026/09/26 14:28:02.426, 2, 180 MHz, 12.92 W, 0 %, 48
2026/09/26 14:28:02.450, 3, 330 MHz, 29.45 W, 0 %, 48
2026/09/26 14:28:03.538, 0, 180 MHz, 15.53 W, 0 %, 59
2026/09/26 14:28:03.565, 1, 180 MHz, 18.42 W, 0 %, 40
2026/09/26 14:28:03.588, 2, 180 MHz, 13.24 W, 0 %, 48
2026/09/26 14:28:03.612, 3, 330 MHz, 29.47 W, 0 %, 48
2026/09/26 14:28:04.696, 0, 180 MHz, 14.94 W, 0 %, 59
2026/09/26 14:28:04.719, 1, 180 MHz, 18.43 W, 0 %, 40
2026/09/26 14:28:04.744, 2, 180 MHz, 13.44 W, 0 %, 48
2026/09/26 14:28:04.768, 3, 330 MHz, 29.12 W, 0 %, 47
2026/09/26 14:28:05.847, 0, 180 MHz, 14.92 W, 0 %, 59
2026/09/26 14:28:05.875, 1, 180 MHz, 18.28 W, 0 %, 40
2026/09/26 14:28:05.898, 2, 180 MHz, 13.38 W, 0 %, 47
2026/09/26 14:28:05.919, 3, 330 MHz, 28.97 W, 0 %, 47
2026/09/26 14:28:06.999, 0, 180 MHz, 14.89 W, 0 %, 58
2026/09/26 14:28:07.023, 1, 180 MHz, 18.05 W, 0 %, 40
2026/09/26 14:28:07.046, 2, 180 MHz, 13.14 W, 0 %, 47
2026/09/26 14:28:07.073, 3, 330 MHz, 29.07 W, 0 %, 47
2026/09/26 14:28:08.166, 0, 180 MHz, 14.91 W, 0 %, 58
2026/09/26 14:28:08.190, 1, 180 MHz, 17.81 W, 0 %, 40
2026/09/26 14:28:08.212, 2, 180 MHz, 13.19 W, 0 %, 47
2026/09/26 14:28:08.234, 3, 330 MHz, 29.04 W, 0 %, 47
2026/09/26 14:28:09.315, 0, 180 MHz, 14.94 W, 0 %, 58
2026/09/26 14:28:09.339, 1, 180 MHz, 17.43 W, 0 %, 40
2026/09/26 14:28:09.360, 2, 180 MHz, 13.35 W, 0 %, 47
2026/09/26 14:28:09.383, 3, 330 MHz, 28.39 W, 0 %, 47
2026/09/26 14:28:10.465, 0, 180 MHz, 14.26 W, 0 %, 58
2026/09/26 14:28:10.491, 1, 180 MHz, 17.50 W, 0 %, 40
2026/09/26 14:28:10.512, 2, 180 MHz, 12.83 W, 0 %, 46
2026/09/26 14:28:10.534, 3, 330 MHz, 28.59 W, 0 %, 47
2026/09/26 14:28:11.615, 0, 180 MHz, 14.65 W, 0 %, 57
2026/09/26 14:28:11.638, 1, 180 MHz, 17.48 W, 0 %, 39
2026/09/26 14:28:11.659, 2, 180 MHz, 12.71 W, 0 %, 46
2026/09/26 14:28:11.680, 3, 330 MHz, 28.48 W, 0 %, 46
2026/09/26 14:28:12.760, 0, 180 MHz, 14.74 W, 0 %, 57
2026/09/26 14:28:12.785, 1, 180 MHz, 17.83 W, 0 %, 39
2026/09/26 14:28:12.807, 2, 180 MHz, 12.37 W, 0 %, 46
2026/09/26 14:28:12.829, 3, 330 MHz, 28.26 W, 0 %, 46
2026/09/26 14:28:13.915, 0, 180 MHz, 14.62 W, 0 %, 57
2026/09/26 14:28:13.938, 1, 180 MHz, 17.86 W, 0 %, 39
2026/09/26 14:28:13.959, 2, 172 MHz, 12.65 W, 0 %, 45
2026/09/26 14:28:13.980, 3, 330 MHz, 28.21 W, 0 %, 46
2026/09/26 14:28:15.061, 0, 180 MHz, 14.46 W, 0 %, 57
2026/09/26 14:28:15.086, 1, 180 MHz, 17.20 W, 0 %, 39
2026/09/26 14:28:15.109, 2, 180 MHz, 12.60 W, 0 %, 45
2026/09/26 14:28:15.131, 3, 330 MHz, 27.68 W, 0 %, 46
2026/09/26 14:28:16.223, 0, 180 MHz, 14.28 W, 0 %, 56
2026/09/26 14:28:16.247, 1, 180 MHz, 17.39 W, 0 %, 39
2026/09/26 14:28:16.273, 2, 180 MHz, 12.73 W, 0 %, 45
2026/09/26 14:28:16.296, 3, 330 MHz, 28.20 W, 0 %, 46
2026/09/26 14:28:17.384, 0, 180 MHz, 13.61 W, 0 %, 56
2026/09/26 14:28:17.409, 1, 180 MHz, 17.17 W, 0 %, 39
2026/09/26 14:28:17.433, 2, 180 MHz, 11.98 W, 0 %, 45
2026/09/26 14:28:17.460, 3, 330 MHz, 28.46 W, 0 %, 46
2026/09/26 14:28:18.565, 0, 180 MHz, 13.99 W, 0 %, 56
2026/09/26 14:28:18.593, 1, 180 MHz, 17.49 W, 0 %, 39
2026/09/26 14:28:18.624, 2, 180 MHz, 12.20 W, 0 %, 45
2026/09/26 14:28:18.663, 3, 330 MHz, 28.43 W, 0 %, 45
2026/09/26 14:28:19.789, 0, 180 MHz, 13.79 W, 0 %, 56
2026/09/26 14:28:19.813, 1, 180 MHz, 17.57 W, 0 %, 38
2026/09/26 14:28:19.834, 2, 180 MHz, 12.17 W, 0 %, 44
2026/09/26 14:28:19.855, 3, 330 MHz, 28.02 W, 0 %, 45
2026/09/26 14:28:20.934, 0, 180 MHz, 13.70 W, 0 %, 56
2026/09/26 14:28:20.957, 1, 180 MHz, 17.61 W, 0 %, 38
2026/09/26 14:28:20.978, 2, 180 MHz, 12.23 W, 0 %, 44
2026/09/26 14:28:20.999, 3, 330 MHz, 27.61 W, 0 %, 45
2026/09/26 14:28:22.086, 0, 180 MHz, 13.69 W, 0 %, 55
2026/09/26 14:28:22.109, 1, 180 MHz, 17.59 W, 0 %, 38
2026/09/26 14:28:22.130, 2, 180 MHz, 12.24 W, 0 %, 44
2026/09/26 14:28:22.154, 3, 330 MHz, 27.55 W, 0 %, 45
2026/09/26 14:28:23.250, 0, 2130 MHz, 81.54 W, 100 %, 62
2026/09/26 14:28:23.275, 1, 2070 MHz, 133.82 W, 100 %, 46
2026/09/26 14:28:23.295, 2, 2017 MHz, 112.21 W, 100 %, 50
2026/09/26 14:28:23.314, 3, 1762 MHz, 264.46 W, 100 %, 53
2026/09/26 14:28:24.383, 0, 2017 MHz, 256.74 W, 100 %, 64
2026/09/26 14:28:24.405, 1, 2100 MHz, 299.83 W, 100 %, 47
2026/09/26 14:28:24.429, 2, 2017 MHz, 253.64 W, 100 %, 51
2026/09/26 14:28:24.455, 3, 1747 MHz, 299.88 W, 100 %, 54
2026/09/26 14:28:25.543, 0, 2040 MHz, 250.18 W, 100 %, 65
2026/09/26 14:28:25.564, 1, 2107 MHz, 300.69 W, 99 %, 48
2026/09/26 14:28:25.584, 2, 2025 MHz, 249.01 W, 99 %, 52
2026/09/26 14:28:25.603, 3, 1762 MHz, 299.93 W, 100 %, 55
2026/09/26 14:28:26.674, 0, 2055 MHz, 249.29 W, 100 %, 65
2026/09/26 14:28:26.700, 1, 2107 MHz, 300.20 W, 100 %, 47
2026/09/26 14:28:26.724, 2, 2002 MHz, 246.68 W, 100 %, 52
2026/09/26 14:28:26.748, 3, 1755 MHz, 299.82 W, 100 %, 54
2026/09/26 14:28:27.814, 0, 2047 MHz, 249.70 W, 100 %, 66
2026/09/26 14:28:27.837, 1, 2040 MHz, 303.41 W, 33 %, 47
2026/09/26 14:28:27.854, 2, 2010 MHz, 250.21 W, 49 %, 53
2026/09/26 14:28:27.877, 3, 2010 MHz, 302.76 W, 56 %, 55
2026/09/26 14:28:28.947, 0, 2040 MHz, 249.10 W, 79 %, 66
2026/09/26 14:28:28.968, 1, 2040 MHz, 298.24 W, 73 %, 48
2026/09/26 14:28:28.991, 2, 2107 MHz, 249.98 W, 100 %, 54
2026/09/26 14:28:29.014, 3, 1927 MHz, 299.55 W, 100 %, 55
2026/09/26 14:28:30.092, 0, 2032 MHz, 249.01 W, 58 %, 66
2026/09/26 14:28:30.116, 1, 2625 MHz, 301.10 W, 100 %, 48
2026/09/26 14:28:30.138, 2, 2115 MHz, 247.24 W, 100 %, 54
2026/09/26 14:28:30.160, 3, 2437 MHz, 300.41 W, 100 %, 55
2026/09/26 14:28:31.235, 0, 2040 MHz, 251.15 W, 47 %, 65
2026/09/26 14:28:31.261, 1, 2115 MHz, 300.87 W, 100 %, 49
2026/09/26 14:28:31.286, 2, 2010 MHz, 249.88 W, 100 %, 55
2026/09/26 14:28:31.309, 3, 1777 MHz, 300.11 W, 100 %, 56
2026/09/26 14:28:32.386, 0, 2040 MHz, 249.95 W, 28 %, 64
2026/09/26 14:28:32.411, 1, 2167 MHz, 299.98 W, 100 %, 49
2026/09/26 14:28:32.437, 2, 2002 MHz, 248.54 W, 100 %, 54
2026/09/26 14:28:32.456, 3, 1770 MHz, 299.76 W, 100 %, 56
2026/09/26 14:28:33.528, 0, 2032 MHz, 251.46 W, 100 %, 68
2026/09/26 14:28:33.557, 1, 2092 MHz, 300.00 W, 100 %, 49
2026/09/26 14:28:33.580, 2, 2025 MHz, 247.88 W, 99 %, 56
2026/09/26 14:28:33.619, 3, 1740 MHz, 299.73 W, 99 %, 56
2026/09/26 14:28:34.719, 0, 2032 MHz, 252.42 W, 100 %, 68
2026/09/26 14:28:34.745, 1, 2077 MHz, 299.97 W, 100 %, 49
2026/09/26 14:28:34.771, 2, 2025 MHz, 248.72 W, 100 %, 55
2026/09/26 14:28:34.798, 3, 1732 MHz, 299.82 W, 100 %, 56
2026/09/26 14:28:35.883, 0, 2032 MHz, 251.79 W, 100 %, 69
2026/09/26 14:28:35.906, 1, 2092 MHz, 297.53 W, 74 %, 49
2026/09/26 14:28:35.925, 2, 2025 MHz, 251.52 W, 90 %, 56
2026/09/26 14:28:35.941, 3, 1717 MHz, 301.99 W, 97 %, 56
2026/09/26 14:28:37.016, 0, 2040 MHz, 252.13 W, 90 %, 69
2026/09/26 14:28:37.041, 1, 2280 MHz, 294.95 W, 42 %, 50
2026/09/26 14:28:37.066, 2, 2062 MHz, 238.98 W, 38 %, 56
2026/09/26 14:28:37.095, 3, 2347 MHz, 300.31 W, 100 %, 56
2026/09/26 14:28:38.193, 0, 2047 MHz, 253.20 W, 100 %, 69
2026/09/26 14:28:38.215, 1, 2250 MHz, 300.50 W, 100 %, 49
2026/09/26 14:28:38.234, 2, 2062 MHz, 249.75 W, 100 %, 57
2026/09/26 14:28:38.251, 3, 2310 MHz, 299.56 W, 100 %, 57
2026/09/26 14:28:39.331, 0, 2047 MHz, 252.95 W, 100 %, 70
2026/09/26 14:28:39.354, 1, 2430 MHz, 300.00 W, 100 %, 50
2026/09/26 14:28:39.373, 2, 2085 MHz, 249.93 W, 100 %, 56
2026/09/26 14:28:39.398, 3, 1942 MHz, 299.64 W, 100 %, 58
2026/09/26 14:28:40.480, 0, 2100 MHz, 254.18 W, 100 %, 69
2026/09/26 14:28:40.504, 1, 2107 MHz, 300.25 W, 100 %, 50
2026/09/26 14:28:40.523, 2, 2017 MHz, 250.16 W, 100 %, 57
2026/09/26 14:28:40.541, 3, 1942 MHz, 299.69 W, 100 %, 58
2026/09/26 14:28:41.624, 0, 2115 MHz, 252.42 W, 100 %, 70
2026/09/26 14:28:41.645, 1, 2115 MHz, 300.18 W, 100 %, 51
2026/09/26 14:28:41.662, 2, 2017 MHz, 248.42 W, 100 %, 57
2026/09/26 14:28:41.680, 3, 1732 MHz, 299.83 W, 100 %, 57
2026/09/26 14:28:42.760, 0, 2107 MHz, 254.08 W, 100 %, 70
2026/09/26 14:28:42.786, 1, 2100 MHz, 299.71 W, 100 %, 51
2026/09/26 14:28:42.812, 2, 2025 MHz, 249.84 W, 99 %, 58
2026/09/26 14:28:42.837, 3, 1747 MHz, 300.18 W, 99 %, 58
2026/09/26 14:28:43.928, 0, 2115 MHz, 254.61 W, 100 %, 72
2026/09/26 14:28:43.947, 1, 2100 MHz, 299.85 W, 100 %, 50
2026/09/26 14:28:43.975, 2, 2017 MHz, 250.38 W, 100 %, 57
2026/09/26 14:28:44.000, 3, 1755 MHz, 299.70 W, 100 %, 57
2026/09/26 14:28:45.074, 0, 2317 MHz, 121.67 W, 0 %, 65
2026/09/26 14:28:45.096, 1, 2857 MHz, 120.14 W, 0 %, 45
2026/09/26 14:28:45.119, 2, 2310 MHz, 79.44 W, 0 %, 53
2026/09/26 14:28:45.145, 3, 3000 MHz, 124.19 W, 0 %, 52
2026/09/26 14:28:46.232, 0, 2047 MHz, 230.11 W, 100 %, 71
2026/09/26 14:28:46.256, 1, 2122 MHz, 314.40 W, 100 %, 51
2026/09/26 14:28:46.278, 2, 2040 MHz, 260.63 W, 100 %, 57
2026/09/26 14:28:46.300, 3, 1807 MHz, 310.27 W, 100 %, 57
2026/09/26 14:28:47.377, 0, 2055 MHz, 260.81 W, 99 %, 72
2026/09/26 14:28:47.402, 1, 2092 MHz, 299.78 W, 100 %, 50
2026/09/26 14:28:47.426, 2, 2025 MHz, 256.14 W, 100 %, 59
2026/09/26 14:28:47.448, 3, 1740 MHz, 299.93 W, 100 %, 58
2026/09/26 14:28:48.527, 0, 2040 MHz, 261.60 W, 100 %, 71
2026/09/26 14:28:48.553, 1, 2092 MHz, 300.52 W, 98 %, 51
2026/09/26 14:28:48.580, 2, 2032 MHz, 257.80 W, 100 %, 58
2026/09/26 14:28:48.606, 3, 1740 MHz, 300.83 W, 100 %, 58
2026/09/26 14:28:49.686, 0, 2295 MHz, 178.96 W, 100 %, 71
2026/09/26 14:28:49.712, 1, 2340 MHz, 226.58 W, 100 %, 48
2026/09/26 14:28:49.734, 2, 2017 MHz, 180.91 W, 100 %, 58
2026/09/26 14:28:49.757, 3, 1890 MHz, 237.53 W, 100 %, 58
2026/09/26 14:28:50.834, 0, 2070 MHz, 264.17 W, 100 %, 72
2026/09/26 14:28:50.856, 1, 2100 MHz, 299.71 W, 100 %, 51
2026/09/26 14:28:50.874, 2, 2032 MHz, 256.41 W, 100 %, 59
2026/09/26 14:28:50.891, 3, 1725 MHz, 300.01 W, 100 %, 58
2026/09/26 14:28:51.961, 0, 2055 MHz, 261.86 W, 99 %, 72
2026/09/26 14:28:51.987, 1, 2100 MHz, 299.92 W, 99 %, 50
2026/09/26 14:28:52.011, 2, 2025 MHz, 257.25 W, 100 %, 58
2026/09/26 14:28:52.034, 3, 1732 MHz, 300.24 W, 100 %, 59
2026/09/26 14:28:53.112, 0, 2047 MHz, 239.00 W, 0 %, 68
2026/09/26 14:28:53.135, 1, 2715 MHz, 240.43 W, 0 %, 51
2026/09/26 14:28:53.153, 2, 2227 MHz, 202.91 W, 0 %, 59
2026/09/26 14:28:53.175, 3, 2737 MHz, 248.54 W, 0 %, 53
2026/09/26 14:28:54.247, 0, 2040 MHz, 194.17 W, 100 %, 71
2026/09/26 14:28:54.270, 1, 2152 MHz, 304.29 W, 99 %, 51
2026/09/26 14:28:54.291, 2, 2055 MHz, 262.06 W, 100 %, 59
2026/09/26 14:28:54.313, 3, 1807 MHz, 317.94 W, 100 %, 59
2026/09/26 14:28:55.390, 0, 2047 MHz, 262.33 W, 100 %, 72
2026/09/26 14:28:55.413, 1, 2137 MHz, 300.14 W, 100 %, 52
2026/09/26 14:28:55.435, 2, 2047 MHz, 256.78 W, 100 %, 60
2026/09/26 14:28:55.457, 3, 1747 MHz, 299.95 W, 100 %, 60
2026/09/26 14:28:56.536, 0, 2032 MHz, 261.83 W, 99 %, 73
2026/09/26 14:28:56.560, 1, 2092 MHz, 300.83 W, 100 %, 52
2026/09/26 14:28:56.578, 2, 2025 MHz, 257.10 W, 100 %, 60
2026/09/26 14:28:56.595, 3, 1747 MHz, 300.67 W, 100 %, 59
2026/09/26 14:28:57.673, 0, 2317 MHz, 188.90 W, 85 %, 72
2026/09/26 14:28:57.695, 1, 2730 MHz, 228.65 W, 100 %, 47
2026/09/26 14:28:57.715, 2, 2002 MHz, 185.58 W, 100 %, 60
2026/09/26 14:28:57.738, 3, 2460 MHz, 236.87 W, 100 %, 59
2026/09/26 14:28:58.859, 0, 2062 MHz, 265.52 W, 100 %, 74
2026/09/26 14:28:58.880, 1, 2092 MHz, 299.78 W, 100 %, 52
2026/09/26 14:28:58.898, 2, 2025 MHz, 256.73 W, 100 %, 61
2026/09/26 14:28:58.918, 3, 1732 MHz, 300.06 W, 100 %, 58
2026/09/26 14:29:00.000, 0, 2047 MHz, 262.39 W, 100 %, 74
2026/09/26 14:29:00.024, 1, 2092 MHz, 299.56 W, 100 %, 52
2026/09/26 14:29:00.051, 2, 2032 MHz, 256.44 W, 100 %, 60
2026/09/26 14:29:00.076, 3, 1770 MHz, 300.28 W, 99 %, 59
2026/09/26 14:29:01.155, 0, 2047 MHz, 262.35 W, 100 %, 74
2026/09/26 14:29:01.177, 1, 2212 MHz, 268.21 W, 0 %, 52
2026/09/26 14:29:01.198, 2, 2047 MHz, 212.02 W, 0 %, 56
2026/09/26 14:29:01.217, 3, 2355 MHz, 260.82 W, 0 %, 55
2026/09/26 14:29:02.295, 0, 2017 MHz, 186.89 W, 100 %, 73
2026/09/26 14:29:02.317, 1, 2070 MHz, 299.21 W, 100 %, 53
2026/09/26 14:29:02.340, 2, 2025 MHz, 242.43 W, 100 %, 60
2026/09/26 14:29:02.365, 3, 1792 MHz, 298.96 W, 100 %, 59
2026/09/26 14:29:03.450, 0, 2070 MHz, 262.43 W, 100 %, 73
2026/09/26 14:29:03.473, 1, 2145 MHz, 299.98 W, 100 %, 51
2026/09/26 14:29:03.493, 2, 2025 MHz, 256.83 W, 100 %, 60
2026/09/26 14:29:03.510, 3, 1815 MHz, 299.85 W, 100 %, 60
2026/09/26 14:29:04.591, 0, 2047 MHz, 262.71 W, 100 %, 74
2026/09/26 14:29:04.612, 1, 2077 MHz, 300.55 W, 99 %, 53
2026/09/26 14:29:04.636, 2, 2025 MHz, 257.45 W, 99 %, 61
2026/09/26 14:29:04.655, 3, 1762 MHz, 300.65 W, 99 %, 60
2026/09/26 14:29:05.723, 0, 2295 MHz, 196.24 W, 0 %, 69
2026/09/26 14:29:05.746, 1, 2857 MHz, 168.50 W, 0 %, 47
2026/09/26 14:29:05.765, 2, 2317 MHz, 144.76 W, 0 %, 56
2026/09/26 14:29:05.779, 3, 2835 MHz, 168.04 W, 0 %, 54
2026/09/26 14:29:06.844, 0, 2317 MHz, 117.39 W, 0 %, 69
2026/09/26 14:29:06.867, 1, 2737 MHz, 170.28 W, 100 %, 54
2026/09/26 14:29:06.892, 2, 2190 MHz, 137.43 W, 100 %, 59
2026/09/26 14:29:06.912, 3, 2475 MHz, 185.59 W, 100 %, 54
2026/09/26 14:29:07.987, 0, 2055 MHz, 262.71 W, 100 %, 73
2026/09/26 14:29:08.012, 1, 2100 MHz, 300.49 W, 100 %, 51
2026/09/26 14:29:08.038, 2, 2032 MHz, 256.29 W, 100 %, 60
2026/09/26 14:29:08.061, 3, 1717 MHz, 300.74 W, 100 %, 60
2026/09/26 14:29:09.138, 0, 2047 MHz, 262.22 W, 100 %, 75
2026/09/26 14:29:09.160, 1, 2100 MHz, 300.00 W, 100 %, 52
2026/09/26 14:29:09.178, 2, 2032 MHz, 256.75 W, 100 %, 60
2026/09/26 14:29:09.197, 3, 1732 MHz, 299.94 W, 100 %, 60
2026/09/26 14:29:10.271, 0, 2055 MHz, 262.42 W, 100 %, 74
2026/09/26 14:29:10.293, 1, 2152 MHz, 299.03 W, 100 %, 53
2026/09/26 14:29:10.312, 2, 2047 MHz, 255.72 W, 100 %, 60
2026/09/26 14:29:10.333, 3, 1792 MHz, 300.06 W, 100 %, 60
2026/09/26 14:29:11.413, 0, 2055 MHz, 262.55 W, 100 %, 75
2026/09/26 14:29:11.438, 1, 2145 MHz, 300.03 W, 100 %, 54
2026/09/26 14:29:11.458, 2, 2025 MHz, 256.07 W, 100 %, 61
2026/09/26 14:29:11.484, 3, 1785 MHz, 299.92 W, 100 %, 60
2026/09/26 14:29:12.564, 0, 2062 MHz, 262.30 W, 100 %, 74
2026/09/26 14:29:12.588, 1, 2107 MHz, 299.84 W, 100 %, 53
2026/09/26 14:29:12.605, 2, 2025 MHz, 256.47 W, 100 %, 62
2026/09/26 14:29:12.628, 3, 1732 MHz, 299.86 W, 100 %, 60
2026/09/26 14:29:13.704, 0, 2040 MHz, 263.09 W, 100 %, 74
2026/09/26 14:29:13.728, 1, 2130 MHz, 299.55 W, 100 %, 53
2026/09/26 14:29:13.752, 2, 2025 MHz, 256.34 W, 100 %, 61
2026/09/26 14:29:13.770, 3, 1732 MHz, 300.14 W, 100 %, 60
2026/09/26 14:29:14.840, 0, 2040 MHz, 262.17 W, 100 %, 76
2026/09/26 14:29:14.860, 1, 2122 MHz, 299.74 W, 100 %, 52
2026/09/26 14:29:14.877, 2, 2017 MHz, 256.14 W, 100 %, 61
2026/09/26 14:29:14.899, 3, 1777 MHz, 300.29 W, 100 %, 61
2026/09/26 14:29:15.978, 0, 2055 MHz, 261.67 W, 100 %, 75
2026/09/26 14:29:16.003, 1, 2107 MHz, 299.99 W, 100 %, 53
2026/09/26 14:29:16.027, 2, 2017 MHz, 255.82 W, 100 %, 62
2026/09/26 14:29:16.051, 3, 1777 MHz, 299.95 W, 100 %, 60
2026/09/26 14:29:17.133, 0, 2062 MHz, 262.57 W, 100 %, 75
2026/09/26 14:29:17.158, 1, 2100 MHz, 300.29 W, 100 %, 54
2026/09/26 14:29:17.184, 2, 2017 MHz, 256.62 W, 100 %, 62
2026/09/26 14:29:17.204, 3, 1702 MHz, 300.07 W, 100 %, 61
2026/09/26 14:29:18.277, 0, 2055 MHz, 261.78 W, 100 %, 75
2026/09/26 14:29:18.297, 1, 2107 MHz, 299.76 W, 100 %, 53
2026/09/26 14:29:18.314, 2, 2032 MHz, 256.56 W, 100 %, 62
2026/09/26 14:29:18.337, 3, 1717 MHz, 299.90 W, 100 %, 61
2026/09/26 14:29:19.412, 0, 2040 MHz, 262.28 W, 100 %, 75
2026/09/26 14:29:19.439, 1, 2122 MHz, 299.53 W, 99 %, 53
2026/09/26 14:29:19.463, 2, 2032 MHz, 255.89 W, 99 %, 62
2026/09/26 14:29:19.486, 3, 1717 MHz, 299.99 W, 100 %, 62
2026/09/26 14:29:20.608, 0, 2047 MHz, 261.84 W, 99 %, 76
2026/09/26 14:29:20.628, 1, 2145 MHz, 300.16 W, 99 %, 54
2026/09/26 14:29:20.648, 2, 2017 MHz, 256.83 W, 99 %, 62
2026/09/26 14:29:20.678, 3, 1770 MHz, 300.65 W, 100 %, 61
2026/09/26 14:29:21.769, 0, 2167 MHz, 208.30 W, 0 %, 71
2026/09/26 14:29:21.787, 1, 2857 MHz, 199.93 W, 0 %, 48
2026/09/26 14:29:21.801, 2, 2325 MHz, 146.48 W, 0 %, 58
2026/09/26 14:29:21.826, 3, 2992 MHz, 195.62 W, 0 %, 56
2026/09/26 14:29:22.913, 0, 2032 MHz, 195.45 W, 100 %, 76
2026/09/26 14:29:22.936, 1, 2122 MHz, 308.87 W, 100 %, 52
2026/09/26 14:29:22.961, 2, 2040 MHz, 260.63 W, 100 %, 63
2026/09/26 14:29:22.985, 3, 1785 MHz, 310.98 W, 100 %, 60
2026/09/26 14:29:24.071, 0, 2062 MHz, 262.72 W, 100 %, 76
2026/09/26 14:29:24.096, 1, 2107 MHz, 299.94 W, 100 %, 53
2026/09/26 14:29:24.118, 2, 2025 MHz, 256.68 W, 100 %, 63
2026/09/26 14:29:24.139, 3, 1725 MHz, 300.19 W, 100 %, 62
2026/09/26 14:29:25.229, 0, 2055 MHz, 263.04 W, 100 %, 76
2026/09/26 14:29:25.253, 1, 2115 MHz, 299.62 W, 100 %, 54
2026/09/26 14:29:25.272, 2, 2032 MHz, 256.05 W, 100 %, 62
2026/09/26 14:29:25.290, 3, 1717 MHz, 299.87 W, 100 %, 61
2026/09/26 14:29:26.361, 0, 2040 MHz, 263.45 W, 100 %, 77
2026/09/26 14:29:26.385, 1, 2107 MHz, 300.07 W, 100 %, 55
2026/09/26 14:29:26.405, 2, 2032 MHz, 255.54 W, 99 %, 62
2026/09/26 14:29:26.422, 3, 1732 MHz, 299.50 W, 99 %, 62
2026/09/26 14:29:27.493, 0, 2047 MHz, 262.57 W, 100 %, 77
2026/09/26 14:29:27.515, 1, 2175 MHz, 299.77 W, 100 %, 54
2026/09/26 14:29:27.540, 2, 2040 MHz, 256.92 W, 100 %, 62
2026/09/26 14:29:27.561, 3, 1770 MHz, 300.47 W, 100 %, 61
2026/09/26 14:29:28.640, 0, 2062 MHz, 263.25 W, 100 %, 76
2026/09/26 14:29:28.661, 1, 2122 MHz, 300.02 W, 100 %, 53
2026/09/26 14:29:28.680, 2, 2025 MHz, 256.79 W, 100 %, 63
2026/09/26 14:29:28.696, 3, 1687 MHz, 300.04 W, 100 %, 62
2026/09/26 14:29:29.771, 0, 2055 MHz, 263.15 W, 100 %, 77
2026/09/26 14:29:29.796, 1, 2130 MHz, 299.95 W, 100 %, 53
2026/09/26 14:29:29.813, 2, 2040 MHz, 256.39 W, 100 %, 63
2026/09/26 14:29:29.830, 3, 1717 MHz, 299.99 W, 100 %, 62
2026/09/26 14:29:30.901, 0, 2055 MHz, 262.84 W, 100 %, 78
2026/09/26 14:29:30.926, 1, 2122 MHz, 300.25 W, 100 %, 54
2026/09/26 14:29:30.949, 2, 2017 MHz, 256.27 W, 100 %, 63
2026/09/26 14:29:30.969, 3, 1725 MHz, 299.97 W, 100 %, 62
2026/09/26 14:29:32.057, 0, 2047 MHz, 262.62 W, 100 %, 76
2026/09/26 14:29:32.079, 1, 2145 MHz, 299.98 W, 100 %, 55
2026/09/26 14:29:32.101, 2, 2032 MHz, 255.82 W, 100 %, 64
2026/09/26 14:29:32.121, 3, 1762 MHz, 299.93 W, 100 %, 62
2026/09/26 14:29:33.201, 0, 2047 MHz, 263.17 W, 99 %, 78
2026/09/26 14:29:33.225, 1, 2152 MHz, 299.67 W, 100 %, 54
2026/09/26 14:29:33.249, 2, 2017 MHz, 256.79 W, 100 %, 64
2026/09/26 14:29:33.274, 3, 1747 MHz, 299.79 W, 100 %, 62
2026/09/26 14:29:34.357, 0, 2040 MHz, 263.34 W, 100 %, 77
2026/09/26 14:29:34.379, 1, 2107 MHz, 299.89 W, 100 %, 55
2026/09/26 14:29:34.398, 2, 2017 MHz, 255.88 W, 100 %, 64
2026/09/26 14:29:34.418, 3, 1717 MHz, 300.11 W, 100 %, 62
2026/09/26 14:29:35.513, 0, 2047 MHz, 263.23 W, 100 %, 77
2026/09/26 14:29:35.534, 1, 2137 MHz, 299.93 W, 100 %, 55
2026/09/26 14:29:35.558, 2, 2025 MHz, 255.67 W, 100 %, 63
2026/09/26 14:29:35.580, 3, 1710 MHz, 299.94 W, 100 %, 63
2026/09/26 14:29:36.648, 0, 2047 MHz, 262.48 W, 100 %, 78
2026/09/26 14:29:36.666, 1, 2235 MHz, 269.93 W, 0 %, 55
2026/09/26 14:29:36.680, 2, 2025 MHz, 231.83 W, 0 %, 64
2026/09/26 14:29:36.694, 3, 2310 MHz, 263.85 W, 0 %, 59
2026/09/26 14:29:37.754, 0, 2317 MHz, 110.51 W, 0 %, 72
2026/09/26 14:29:37.773, 1, 2857 MHz, 138.90 W, 0 %, 49
2026/09/26 14:29:37.787, 2, 2325 MHz, 103.96 W, 0 %, 59
2026/09/26 14:29:37.804, 3, 2992 MHz, 157.30 W, 0 %, 57
